metric,guide_low,guide_mid,guide_high,sellside_mean_of_snapshots,snapshot_median,high_named_or_snapshot,low_named_or_snapshot,n_estimates,revision_trend_30_60_90d,buyside_whisper_range,dispersion_high_low_over_mean_pct,snapshots,named_estimates
FQ4 revenue ($bn),49.0,50.0,51.0,50.685,50.56,53.3,50.42,~29 (TipRanks: 28 Buy/1 Hold ratings),90d: +16% (LSEG $43.58bn pre-guide 24/06 -> ~$50.5bn); 60d: ~+1%; 30d: +0.4% to +1.4% (50.5 -> 50.7-51.2). Rising.,52.0-53.5,5.68,"50.5 (Goldman Sachs note citing consensus, 11/09/2026, T2); 50.45 (Investing.com preview, 22/09/2026, T3); 50.42 (Wall St consensus via web aggregator, ~23/09/2026, T3); 50.62 (alt aggregator, ~23/09/2026, T3); 50.92 (TipRanks, ~24/09/2026, T3); 51.2 (Motley Fool / UBS-note article, 24/09/2026, T3)","52.4 (UBS (T. Arcuri) ~24/09); 51.9 (Goldman (J. Schneider) 11/09); 50.78 (Stifel (B. Chin) 21/09); 53.3 (Wells Fargo (A. Rakers) 23/09, implied from FY26 $132.3bn)"
FQ4 non-GAAP EPS ($),30.0,31.0,32.0,31.337,31.335,32.54,31.14,n/a,90d: +23% (LSEG $25.50 pre-guide -> ~$31.3); 30d: +0% to +0.5%. Flat-to-rising.,32.5-34.0,4.47,"31.4 (Goldman Sachs note citing consensus, 11/09/2026, T2); 31.16 (Investing.com preview, 22/09/2026, T3); 31.14 (web aggregator, ~23/09/2026, T3); 31.27 (user variables block / aggregator, 25/09/2026, T3); 31.49 (TipRanks, ~24/09/2026, T3); 31.56 (Motley Fool / UBS-note article, 24/09/2026, T3)",32.5 (UBS ~24/09); 32.54 (Goldman 11/09); 32.0 (Stifel 21/09)
FQ4 non-GAAP GM (%),,86.0,,87.0,87.0,87.3,87.0,n/a,Street 87.0% already ~100bp above ~86% guide.,87.0-87.5,0.34,"87.0 (Goldman Sachs note citing consensus, 11/09/2026, T2)",87.3 (Goldman 11/09); 87.0 (Stifel 21/09)
FQ1 FY27 revenue guide ($bn),,,,56.7,56.7,57.7,56.4,n/a,"Only dated snapshot 11/09; sell-side notes since (Stifel 21/09, UBS, Citi 23/09) lean higher. Rising.",57.5-59.5,2.29,"56.7 (Goldman Sachs note citing consensus, 11/09/2026, T2)",57.7 (Goldman 11/09); 56.4 (Stifel 21/09)
FQ1 FY27 GM guide (%),,,,87.5,87.5,88.2,87.5,n/a,n/a (single snapshot),88.0-88.5,0.8,"87.5 (Goldman Sachs note citing consensus, 11/09/2026, T2)",88.1 (Goldman 11/09); 88.2 (Stifel 21/09)
FQ1 FY27 EPS guide ($),,,,35.25,35.25,37.06,35.25,n/a,n/a (single snapshot),36.5-38.0,5.13,"35.25 (Goldman Sachs note citing consensus, 11/09/2026, T2)",37.06 (Goldman 11/09)
FY27 revenue ($bn),,,,254.55,254.55,262.3,249.0,n/a,Wells raised FY27-28 EPS >10% (23/09); Goldman raised CY27 +4.9% (11/09). Rising.,260-275,5.22,"260.1 (Goldman Sachs note citing consensus (label ambiguous CY/FY), 11/09/2026, T2); 249.0 (implied: Wells Fargo $261.3bn is ~5% above Street, 23/09/2026, T2)",261.3 (Wells Fargo 23/09); 262.3 (Goldman 11/09 (label ambiguous))
FY27 EPS ($),,,,156.53,156.53,175.0,156.53,n/a,"Rising (Wells +10%, BofA $150-200).",165-185,11.8,"156.53 (24/7 Wall St citing consensus, 23/09/2026, T3)","166.0 (Wells Fargo 23/09); 175.0 (BofA (V. Arya) 24/09: range $150-200, midpoint)"
FQ4 DRAM revenue ($bn),,,,,,,,,"no public consensus; model ~39.5-41.5 (FQ3 $31.3bn, bits +8-13% incl. 14th week, price +10-18%)",,,,
FQ4 NAND revenue ($bn),,,,,,,,,no public consensus; model ~11.8-13.3 (FQ3 $9.9bn),,,,
FQ4 HBM revenue,,,,,,,,,not disclosed as a line; >$1bn cumulative HBM4 shipped by FQ3 (prepared remarks 24/06),,,,
FQ4 BU revenue,,,,,,,,,FQ3: CMBU 13.8 / CDBU 11.5 / MCBU 11.5 / AEBU 4.6 ($bn); GM 83/87/87/79% (8-K 24/06). No consensus.,,,,
FQ4 opex (non-GAAP),,,,,,,,,"guide ~$1.65bn (8-K). FY27 opex +~$1bn YoY, 2H-weighted (prepared remarks)",,,,
FQ4 capex (net),,,,,,,,,guide ~$10bn; FY26 ~$27bn (prepared remarks). FY27: quarterly above FQ4 level; Street $45-48bn (BofA 24/09),,,,
FQ4 FCF,,,,,,,,,"guided to 'increase substantially again' vs FQ3 $18.3bn; SCA deposits (~$18bn cash) sit in financing CF, NOT FCF",,,,
Inventory days,,,,,,,,,FQ3 120 days; DRAM below 120 (prepared remarks),,,,
Tax / shares,,,,,,,,,FQ4 tax ~15.0% (Pillar Two); ~1.15bn diluted shares (8-K),,,,
HBM4 share / qual,,,,,,,,,NVIDIA certified all three for Vera Rubin HBM4 (Bloomberg 05/06); est. Rubin split Hynix 60-70% / Samsung 25-30% / MU remainder (Tier 3),,,,
HBM 2027,,,,,,,,,"industry reports: DRAM+HBM 2027 capacity sold out (Seeking Alpha/TweakTown, Tier 3); MU HBM 2026 sold out",,,,
SCAs,,,,,,,,,"16 signed: ~20% DRAM & ~1/3 NAND volume CY26-30; target >=50% of revenue; largest have ceiling ~CQ2-26 market price + floor; ~40% of revenue fixed/ceiling when complete; RPO ~$100bn; deposits $22bn ($18bn cash) (prepared remarks + 10-Q, Tier 1)",,,,
Contract price trajectory,,,,,,,,,"TrendForce: server DRAM +13-18% QoQ 3Q26 (09/07); 4Q26 outlook lifted but moderating; spot cooling 16/09 (DDR5 inquiries slow, NAND wafer -0.3% w/w)",,,,
Capex / new fabs,,,,,,,,,ID1 first wafer mid-CY27; ID2 late CY28; NY broke ground Jan-26; Tongluo (TW) output mid-CY27; Singapore HBM packaging 1H CY27 (prepared remarks),,,,
Capital return,,,,,,,,,from 09/12/2026 intends to increase capital return; 'over time return 100% of excess cash' (prepared remarks). BofA: FCF could retire 8-10% of shares,,,,
