bank,date,ret,gap_open,vol_x60d,catalyst
MAYBANK,2026-05-28,-0.04021934161426033,0.0,1.8127275590038168,"1Q26 results: Maybank/CIMB soft, PBB flat; ME-conflict provision fears; own results window"
MAYBANK,2026-02-26,-0.02912618662434696,0.0016181600581894884,3.8150399578315297,own results window
MAYBANK,2026-03-09,-0.025510219804084744,-0.006802714468455706,1.5244550705509434,Iran war escalation: KLCI -2.55% (steepest 2026 fall pre-Sep)
MAYBANK,2026-03-30,-0.022687628971760132,-0.005235638692580924,0.8339505086057757,no specific catalyst identified (market/flow)
MAYBANK,2026-03-24,-0.022413812097555774,0.006896544920278247,1.3956681852270565,no specific catalyst identified (market/flow)
PBBANK,2026-08-27,-0.029126231570822725,0.0019416993901946178,2.0078348437484146,Maybank/HLB 2Q results; Maybank DRP; own results window
PBBANK,2026-09-29,-0.014613814659467428,-0.0020876309236564916,0.889197201123126,KLCI -1.56% to 9-month low: oil + bond yields at multi-year highs
PBBANK,2026-09-11,-0.010309219563065741,0.0,0.7606630992846063,MGS10Y peaks 4.18% (HLIB)
PBBANK,2026-09-15,-0.010309219563065741,0.0,1.0429175345111328,no specific catalyst identified (market/flow)
PBBANK,2026-08-28,-0.010000038146972479,0.002000045776367143,2.3504048089411276,RHB/CIMB 2Q results
CIMB,2026-02-27,-0.04964539886526287,-0.0023641202923744276,2.714314436581604,FY25 results window (Maybank/CIMB 26-27/02); own results window
CIMB,2026-06-03,-0.037433183034006445,-0.018716559642861674,3.2842655420642783,foreign-outflow phase: RM2.53b net sold in w/e 29/05 (MSCI May SAIR effective 29/05)
CIMB,2026-01-28,-0.03351957509812464,-0.0011173440329556028,2.343598696177652,no specific catalyst identified (market/flow)
CIMB,2026-03-30,-0.028571402031326354,-0.0077922005539980965,1.6559604847527443,no specific catalyst identified (market/flow)
CIMB,2026-09-29,-0.026282799414952374,-0.0012515334582141602,1.2656031324355819,KLCI -1.56% to 9-month low: oil + bond yields at multi-year highs
HLBANK,2026-05-28,-0.032876681547760245,0.009132455087817348,2.3127139648507073,"1Q26 results: Maybank/CIMB soft, PBB flat; ME-conflict provision fears"
HLBANK,2026-02-03,-0.031782934847778055,-0.0015503492000592534,2.087815504964146,no specific catalyst identified (market/flow)
HLBANK,2026-09-18,-0.024242400722711888,0.0,2.0303130665179197,FS foreign outflow -RM309.7m in w/e 18/09 despite market net inflow (MBSB)
HLBANK,2026-02-27,-0.023489910333813202,0.0,1.0160399649845655,FY25 results window (Maybank/CIMB 26-27/02); own results window
HLBANK,2026-02-13,-0.023481777562383788,-0.004048598315015806,0.686748420978795,no specific catalyst identified (market/flow)
RHBBANK,2026-09-01,-0.03917052311451563,-0.020737361618345718,5.39944204109095,1st session after 2Q results + Merdeka: FS foreign outflow -RM462.9m in shortened week (MBSB)
RHBBANK,2026-09-29,-0.03826532970612717,0.0012754785523030332,1.4743833734365168,KLCI -1.56% to 9-month low: oil + bond yields at multi-year highs
RHBBANK,2026-09-11,-0.028290284850666647,0.0,1.6831650146626373,MGS10Y peaks 4.18% (HLIB)
RHBBANK,2026-08-11,-0.01689195611165073,0.0,0.6433021031726284,no specific catalyst identified (market/flow)
RHBBANK,2026-09-09,-0.01556887526968409,0.0,2.456782417992322,no specific catalyst identified (market/flow)
AMBANK,2026-09-11,-0.032163781011842696,-0.005847947508874518,0.7430111923490073,MGS10Y peaks 4.18% (HLIB)
AMBANK,2026-09-29,-0.024242401473340003,-0.0030303001841675004,0.6710245885378217,KLCI -1.56% to 9-month low: oil + bond yields at multi-year highs
AMBANK,2026-09-01,-0.02173914395568477,-0.014492739601511984,1.4695539410595417,1st session after 2Q results + Merdeka: FS foreign outflow -RM462.9m in shortened week (MBSB)
AMBANK,2026-08-17,-0.020408176505266273,-0.00544217175129702,0.9758497254223333,own results window
AMBANK,2026-08-19,-0.017980652019082166,-0.0013831575180435207,2.023634310395349,AMMB 1QFY27 results (18/08); FS outflow w/e 21/08; own results window
BIMB,2026-02-16,-0.027667958116357583,-0.003952565445193956,0.4884849691936664,no specific catalyst identified (market/flow)
BIMB,2026-06-03,-0.027272700672307915,0.0,3.225584874261992,foreign-outflow phase: RM2.53b net sold in w/e 29/05 (MSCI May SAIR effective 29/05)
BIMB,2026-05-22,-0.025751049246433566,0.0,1.8147817201053489,no specific catalyst identified (market/flow)
BIMB,2026-03-02,-0.02429147452816005,-0.024291474528160273,1.0686553615186396,US/Israel strikes on Iran (28/02) — first trading day; Brent spike
BIMB,2026-09-18,-0.023923423143372036,0.0,2.8742320963477215,FS foreign outflow -RM309.7m in w/e 18/09 despite market net inflow (MBSB)
ALLIANCE,2026-01-20,-0.05370369569100808,-0.012962994523172067,1.6764791542053294,no specific catalyst identified (market/flow)
ALLIANCE,2026-04-02,-0.04233871704271741,0.0,2.486146005255852,no specific catalyst identified (market/flow)
ALLIANCE,2026-02-16,-0.041587862339905746,0.0,0.7189033925262265,no specific catalyst identified (market/flow)
ALLIANCE,2026-03-09,-0.03258652798053341,-0.010183241436159784,2.7160584636941234,Iran war escalation: KLCI -2.55% (steepest 2026 fall pre-Sep)
ALLIANCE,2026-03-24,-0.02564104734503747,-0.001972431665334451,2.196140921639892,no specific catalyst identified (market/flow)
AFFIN,2026-08-19,-0.037209376081893786,0.0,3.6659476920228107,AMMB 1QFY27 results (18/08); FS outflow w/e 21/08
AFFIN,2026-03-24,-0.034351113778810616,-0.0038167904198678215,0.9332174541795943,no specific catalyst identified (market/flow)
AFFIN,2026-08-18,-0.02714929490673168,0.0,5.5297029583310175,"Affin 2Q26 results (14/08, profit -11%) digestion; FS outflow w/e 21/08"
AFFIN,2026-06-08,-0.0252101589550614,0.0,1.4849118152863785,no specific catalyst identified (market/flow)
AFFIN,2026-03-02,-0.02247197733469819,-0.02247197733469819,1.31245917729428,US/Israel strikes on Iran (28/02) — first trading day; Brent spike
