bank,from_date,price_chg,tr_chg,bv_effect,pb_effect,eps_effect,pe_effect,dividend_effect,pct_of_price_decline_from_multiple(PE),pct_of_price_decline_from_EPS,dy_now,dy_1y_ago,mgs_now,mgs_1y_ago,spread_now,spread_1y_ago,spread_at_52w_high,mgs_at_high
MAYBANK,2026-02-24,-0.18901455015806878,-0.14011210290309017,0.0028769880486072563,-0.2123821540849894,0.008579762775900387,-0.21808492881228234,0.05855191559231482,1.0409525117600695,-0.04095251176007015,0.0637450201625178,0.0625630685717827,0.0409,0.0345,0.022845020162517805,0.0280630685717827,0.014780774981317399,0.0353
PBBANK,2026-08-04,-0.10984855634395241,-0.09057723605080958,0.034063741875068256,-0.15042741119554104,0.00851068966790883,-0.12487435898838158,0.021418463249241085,1.0731387186190364,-0.07313871861903781,0.0478723423682818,0.0496535805515629,0.0409,0.0345,0.0069723423682818,0.0151535805515629,0.005313634670322601,0.0373
CIMB,2026-01-27,-0.12849158022772034,-0.08322603350998592,-0.004588888841538052,-0.13294086398533453,0.010354203086672361,-0.14788395591354495,0.05063542333965915,1.0752870042579568,-0.07528700425795584,0.0602564087829489,0.0541553122256887,0.0409,0.0345,0.0193564087829489,0.019655312225688698,0.017334637984688997,0.0349
HLBANK,2026-01-30,-0.09457359297918266,-0.0824473462500721,0.07011504862813826,-0.16946432689632362,0.058314153921780056,-0.15766343218996523,0.013303965851429289,1.586961022146185,-0.5869610221461871,0.0419520536983946,0.0346003890916763,0.0409,0.0345,0.0010520536983946033,0.00010038909167629784,0.0022093034259087,0.035
RHBBANK,2026-08-10,-0.15202701432820465,-0.13578232095781584,0.029065919064858455,-0.19397241928163167,0.0008794522835822503,-0.16578595250035555,0.018975901642160287,1.0053330358865573,-0.005333035886555064,0.0664010605668662,0.0651515160929292,0.0409,0.0345,0.025501060566866206,0.030651516092929196,0.0190063055806593,0.0373
AMBANK,2026-08-12,-0.12347352259735855,-0.123473522597358,-0.009216655104923952,-0.12257171186876656,0.0014152058341231064,-0.13320357280781348,6.38378239159465e-16,1.0107384731036657,-0.010738473103666506,0.0541795662435315,0.0534513265314131,0.0409,0.0345,0.0132795662435315,0.0189513265314131,0.010089824346645695,0.0374
BIMB,2026-02-12,-0.19291339247866357,-0.1777592339263615,0.011204599012863062,-0.22552889513484792,0.006514681021193672,-0.2208389771431783,0.01860227207437043,1.0303963719422908,-0.0303963719422915,0.0704878065176197,0.0660262019732313,0.0409,0.0345,0.0295878065176197,0.03152620197323129,0.020090552015988604,0.0355
ALLIANCE,2026-01-14,-0.15189875600691927,-0.13390201125335932,0.03162318843051214,-0.1963784472460695,0.02087343451936504,-0.1856286933349228,0.02099803297241179,1.1266935858037337,-0.12669358580373274,0.0407462681595905,0.0432572093707997,0.0409,0.0345,-0.00015373184040949617,0.008757209370799698,-0.0010119362052265976,0.0354
AFFIN,2026-02-12,-0.27697841325573014,-0.251805458092895,0.016529301951210506,-0.34084550203597086,-0.03646830546219496,-0.28784789462256505,0.03422394802495099,0.8875532413963158,0.11244675860368353,0.0424378111466261,0.0,0.0409,0.0345,0.0015378111466261002,-0.0345,-0.0355,0.0355
