bank,roe_core,roe_trend,eps_growth,revisions,nim_trend,asset_quality,credit_cost,cet1,cir,div_sustain
MAYBANK,0.8888888888888888,0.8888888888888888,0.5555555555555556,0.7777777777777778,1.0,0.6333333333333333,0.8,1.0,0.2857142857142857,0.1111111111111111
PBBANK,1.0,0.1111111111111111,0.3333333333333333,0.5555555555555556,0.5,1.0,0.5,0.5,1.0,0.7777777777777778
CIMB,0.6666666666666666,0.7777777777777778,0.4444444444444444,0.2222222222222222,0.5,0.45,0.2,0.75,0.5714285714285714,0.5555555555555556
HLBANK,0.7777777777777778,0.5555555555555556,0.8888888888888888,0.8888888888888888,0.5,0.5666666666666667,0.5,0.25,0.8571428571428571,0.4444444444444444
RHBBANK,0.5555555555555556,1.0,1.0,0.4444444444444444,0.5,0.5,0.6,0.5,0.5,0.6666666666666666
AMBANK,0.4444444444444444,0.6666666666666666,0.7777777777777778,0.6666666666666666,0.25,0.35,0.4,0.5,0.7142857142857143,1.0
BIMB,0.2222222222222222,0.4444444444444444,0.2222222222222222,0.3333333333333333,0.5,0.5,0.5,0.5,0.5,0.8888888888888888
ALLIANCE,0.3333333333333333,0.3333333333333333,0.6666666666666666,1.0,0.5,0.5,1.0,0.5,0.42857142857142855,0.2222222222222222
AFFIN,0.1111111111111111,0.2222222222222222,0.1111111111111111,0.1111111111111111,0.75,0.5,0.5,0.5,0.14285714285714285,0.3333333333333333
