bank,pb,roe_core,pe_core,dy,mgs10,pb_mean_10y,pb_sd_10y,pb_z_10y,pb_pctile_10y,pb_mean_15y,pb_sd_15y,pb_z_15y,pb_pctile_15y,pb_mean_20y,pb_sd_20y,pb_z_20y,pb_pctile_20y,pe_mean_10y,pe_z_10y,pe_pctile_10y,dy_spread,dy_spread_mean_20y,dy_spread_z,dy_spread_pctile,dy_spread_pctile_10y,ts_slope_roe,ts_r2,pb_fair_ts_roe,resid_ts_roe_sd,pb_fair_ts_roe_mgs,resid_ts_roe_mgs_sd,ts_r2_roe_mgs,mgs_coef,payout,g,beta_raw,beta_blume,coe_fair,pb_gordon,coe_implied,erp_implied,roe_implied_at_fair_coe,erp_implied_mean_20y,erp_implied_pctile,erp_implied_pctile_10y,erp_implied_mean_10y,roe_avg_2007_15,roe_avg_2016_26,pb_avg_2007_15,pb_avg_2016_26,xs_pb_fair,xs_resid
MAYBANK,1.3051334332357984,0.111855783261664,11.590856571060986,0.0637450201625178,0.0409,1.2721377807581116,0.13316938235048767,0.2477720621309621,0.6363636363636364,1.4300126332538132,0.28587875872094487,-0.43682573891372334,0.44751381215469616,1.550361018321874,0.37680252406247,-0.6508119490341292,0.36929460580912865,12.38412549955838,-0.8251070398485602,0.19008264462809918,0.022845020162517805,0.021043135132310528,0.08319707805168963,0.45643153526970953,0.4049586776859504,12.722622521273552,0.715780563230707,1.379864072632982,-0.37123707071994044,1.4001219727710925,-0.4735676183221752,0.7189933920907408,5.657044176330314,0.7388593858231354,0.02921008794018519,0.7997645109856049,0.8658422223603552,0.09285053334162131,1.2986347722766536,0.09253364798153402,0.05963401489104627,0.1122693609396169,0.06388741745377427,0.3817427385892116,0.5537190082644629,0.05908527128749241,0.1486323459149761,0.10456740355834211,1.8519535081555278,1.2757072524573871,1.192796021057113,0.11233741217868554
PBBANK,1.4835389694975338,0.1218575531674573,12.447033393180975,0.0478723423682818,0.0409,1.8062019892704209,0.35374835483172923,-0.9121258526456502,0.17355371900826447,2.1380495944603704,0.5816142155070047,-1.1253346419538364,0.11602209944751381,2.419275877248271,0.7227331649625925,-1.294719757047775,0.08713692946058091,13.875857996306548,-0.764038064147048,0.30578512396694213,0.0069723423682818,0.0033278242435067274,0.2282098895738799,0.6804979253112033,0.6942148760330579,12.112913468838304,0.8160210702305406,1.694654535349267,-0.6795971626139969,1.7735160127982512,-0.9523857611342643,0.8240005972205457,17.591773340787544,0.5958686440677964,0.04924645819214511,1.0968885244641198,1.0649153113909604,0.10479491868345761,1.307166649319979,0.09819097294250934,0.05379861884761295,0.1316547640266013,0.05922697841115825,0.2863070539419087,0.371900826446281,0.0562420615933736,0.2347932373129739,0.1363777543269397,3.103054391903546,1.8397252593315496,1.3237332685036547,0.15980570099387914
CIMB,1.1998523552077995,0.1116418139303101,10.71281443583967,0.0602564087829489,0.0409,1.0037314522931204,0.19670366338540107,0.9970373684928269,0.8099173553719008,1.2167280469462145,0.4327105864133887,-0.03899995116433973,0.6243093922651933,1.4794302331675222,0.63435825629867,-0.44072552880606186,0.46887966804979253,12.569433734779407,-0.3681814564932346,0.4214876033057851,0.0193564087829489,0.0008990112482752284,1.0629375688570204,0.8298755186721992,0.6776859504132231,12.60051919912984,0.6615076645666093,1.4417791332445347,-0.6541363071738828,1.446282903983866,-0.6649847480883152,0.6615751530075766,1.399839108929197,0.6455157258618321,0.03957526737455437,1.389146672280886,1.2607282704281937,0.1165436962256916,0.9363130783809799,0.0996381128096285,0.04659062082400888,0.13192601800823534,0.04265882091175946,0.5477178423236515,0.5702479338842975,0.040489356713754796,0.14708359318074585,0.08768282999489724,2.0295357899170607,0.9998178857213456,1.1899948613074542,0.009857493900345293
HLBANK,1.1462218160133248,0.1117956499747091,10.56917953594768,0.0419520536983946,0.0409,1.3030812720551306,0.1986348898632328,-0.7896873311119162,0.256198347107438,1.4403552415800722,0.2937469073817362,-1.0013158204403114,0.1712707182320442,1.5155342718019362,0.31739586736480413,-1.1635704612503226,0.12863070539419086,12.351191894254258,-0.8412444701705023,0.30578512396694213,0.0010520536983946033,-0.006908272178702033,0.8946269848940714,0.7842323651452282,0.7851239669421488,8.964730944724382,0.5029634790018414,1.3416898251876752,-0.8717131575139043,1.3406395246350795,-0.8652215711604102,0.5029728146422747,-0.2622189955056411,0.4433987874400508,0.05,0.8229532274856399,0.8813786624153788,0.09378271974492272,1.4114164294664509,0.10391247061553985,0.07149307477317071,0.10018470853602778,0.07452200106808653,0.37344398340248963,0.5702479338842975,0.0682277137843599,0.1564601511881841,0.11027117799853008,1.7617848041532842,1.3041279904098426,1.1920087916819178,-0.04578697566859291
RHBBANK,0.9647414812955912,0.1030029039497597,9.456235350757687,0.0664010605668662,0.0409,0.8739147076868103,0.09393399943284506,0.9669211803731877,0.859504132231405,0.9492126906561544,0.18326665142322932,0.08473331355618635,0.6629834254143646,1.064368301219635,0.29715202131339336,-0.3352722269352214,0.5062240663900415,9.5259907219234,-0.056489007355994214,0.4793388429752066,0.025501060566866206,0.0006461061198088546,1.1323861733845817,0.8132780082987552,0.628099173553719,7.863010990347197,0.3968530665733516,1.0204849651138084,-0.24104447766807258,1.0301302285049625,-0.282491252094766,0.39826625936295434,2.9310374847226623,0.6279040562602034,0.03832696275312546,0.7458332349790308,0.8297082674359506,0.09068249604615702,1.2353219827720197,0.10536662306686903,0.07769793986275489,0.08883651749626537,0.08162376533185048,0.37344398340248963,0.4793388429752066,0.07658742912795098,0.12924836621135982,0.09173557474780639,1.2971807700850362,0.8668389996156582,1.0768993687650266,-0.11215788746943534
AMBANK,0.996913586133792,0.1001416207710464,10.150848582883365,0.0541795662435315,0.0409,0.7503016116237752,0.14234553195004954,1.732488341092121,0.9421487603305785,0.9908880191502523,0.41012379338871713,0.014692068786725264,0.7016574585635359,1.115800985667182,0.44874935555975765,-0.26493051869699763,0.5518672199170125,8.706034791075218,1.0409157904841526,0.7851239669421488,0.0132795662435315,-0.0050586371754140855,1.0780799599003372,0.8464730290456431,0.7272727272727273,13.98338622530824,0.5771431740052632,1.052423960153739,-0.18983092871578222,1.0745604960383275,-0.26595387161435596,0.5802470476339447,6.672915585362679,0.5499685732243871,0.045066876475216365,1.1440131820720165,1.096488831988251,0.10668932991929506,0.8937447507799963,0.10031213048907696,0.054183981410321894,0.1064991375245155,0.05706557072262688,0.42738589211618255,0.4049586776859504,0.05829285753486621,0.12522867107546679,0.0883060395578985,1.5397497137512568,0.7585082236720696,1.0394411441593192,-0.04252755802552721
BIMB,0.5710306273861516,0.0695063469675599,8.31980500128362,0.0704878065176197,0.0409,0.8748293555545469,0.20665488408847268,-1.4700776587420674,0.0,1.0335825959811193,0.3189518250492997,-1.4502251821994498,0.0,0.9821177940572132,0.32149999355593445,-1.2786537322264078,0.018779342723004695,8.730604345629068,-0.2505658576079905,0.4132231404958678,0.0295878065176197,0.0063897316682240265,1.217277505883182,0.8403755868544601,0.768595041322314,5.9683207695370015,0.38064645147545495,0.6868325091721852,-0.45660286300744146,0.7447760949126625,-0.7070699787626762,0.4213397256533786,17.133924304517137,0.5864448051948051,0.0287447108603667,0.5439948749144722,0.6944765661926964,0.08256859397156177,0.7573150384371842,0.10012728502066424,0.0852833456215288,0.059479796601711314,0.11790630151082834,0.20095693779904306,0.30578512396694213,0.11287777270353132,0.13286894367707006,0.10993898413766551,1.111658770664467,0.8977655302199317,0.6383822851391571,-0.06735165775300544
ALLIANCE,0.9124513730000894,0.0998624754420432,9.22683465909986,0.0407462681595905,0.0409,0.9051403984546987,0.21129323605330252,0.034601081804371256,0.5289256198347108,1.1419943145381315,0.40117388685294203,-0.5721781727587506,0.35359116022099446,1.2411358518146496,0.41050090971443814,-0.8006912312160455,0.26556016597510373,9.859191362588545,-0.39350163573338115,0.3884297520661157,-0.00015373184040949617,-0.0028617555476159753,0.16669095202320383,0.5684647302904564,0.35537190082644626,6.066953896590581,0.1863092819455915,1.2049145043639955,-0.7861088656501516,1.2899744996573368,-1.0456356424077686,0.23691569455276484,25.09275021221543,0.3759590792838875,0.05,0.5598710279891651,0.7051135887527407,0.08320681532516444,1.5015735460863946,0.10464672081987028,0.09040631443882738,0.0802996042364067,0.08234708219373675,0.5397489539748954,0.5041322314049587,0.08814085264751476,0.12019366100313274,0.09480495154724924,1.604313220217378,0.927725609830434,1.035786738852908,-0.12333536585281868
AFFIN,0.4118852439473887,0.0438669438669438,9.526066305513067,0.0424378111466261,0.0409,0.4759405108723102,0.08784507917149796,-0.7291844634788008,0.2644628099173554,0.5643019855882728,0.16534917830031015,-0.9217871126281748,0.17679558011049723,0.6060104468375305,0.1787819205147399,-1.0858212191211856,0.13692946058091288,10.242222673472781,-0.20037129495927067,0.5702479338842975,0.0015378111466261002,-0.0012386983281300157,0.08447065325672856,0.7095435684647303,0.71900826446281,6.603872685230176,0.6407772349904659,0.4581279585365823,-0.4306566187332693,0.4708222940528659,-0.5507586151443479,0.644718404769485,3.0149229901339467,0.4042654028436021,0.026133056133056082,1.0052747516954617,1.0035340836359594,0.10111204501815757,0.23651809657053785,0.0691884653628971,0.028188843631900988,0.05701579526092465,0.045177043065953236,0.18672199170124482,0.34710743801652894,0.035119524626019215,0.0846352827950824,0.050653327035450335,0.7568239374467699,0.47801092707923026,0.302726406250918,0.10915883769647067
