date,fwd12,fwd6,fwd36,mdd12
2000-06-16,-0.41012461835412195,-0.2794117605809935,-0.30559458394324945,-0.5049019328267332
2002-02-25,-0.19991597502431024,0.05817565387543966,0.25247023694723514,-0.24379151009425726
2002-05-22,-0.3086568945613164,-0.2909091322875216,0.12945518990377214,-0.3477273128742022
2003-09-30,0.24634195149738347,0.45380429553822177,0.9476978316349265,-0.016304396768935803
2003-11-18,0.19496028732897885,0.12968929294433762,0.9114115820328907,-0.039408829967266135
2004-04-01,-0.06638463029071351,-0.062307711099025664,1.1448692543464993,-0.14792311132588987
2005-08-17,0.17690257511619967,0.08411220450913426,0.556934001231508,-0.028037401503043236
2005-11-02,0.3271604694542398,0.1851851819146979,0.22998155166588496,-0.037037089364844955
2005-12-23,0.4409170630406196,0.11860669947827107,0.17957247089148187,0.0
2006-06-08,1.0100923846631047,0.347457573010435,0.6971020861300894,-0.033898353028728456
2007-02-28,0.1649041551472028,0.15999020909862582,0.5406740529640399,-0.05882354741127904
2007-08-01,-0.1875609457374211,-0.06719874095832956,0.4484304718289185,-0.35004875658993684
2008-01-16,-0.39962691968991004,-0.30726183041143373,0.73703442151686,-0.48737373688721886
2010-02-08,0.42170367777037376,0.22045499665612178,0.27460459917661306,0.0
2010-05-25,0.2972239438757367,0.28240180214919475,0.4179533478405095,0.0
2011-02-10,-0.09486676109933112,0.005086069665852788,-0.04621778106011931,-0.16140224015394145
2011-08-09,0.006390960734918183,-0.09625509555043499,-0.07828306917160177,-0.16152556020676334
2013-01-21,0.02431607695134219,0.1966936095795666,-0.40812513080338675,-0.03591156909726301
2013-07-31,-0.08201441393550968,-0.1057215429693007,-0.3940016899632355,-0.11606001226780682
2016-08-29,0.7057349149291041,0.23856720078315075,0.3645680132563933,0.0
2016-11-18,0.3483579870046418,0.30780208474874016,0.3148450302065109,-0.028017164082856705
2017-09-19,-0.01683671606872239,0.14710322121427533,-0.43576472749477957,-0.14856769774542822
2018-05-07,-0.1849162877451056,-0.13006684427291226,-0.2993778436658645,-0.20842825897453365
2020-01-22,-0.18237246156156928,-0.2707091184525636,0.28490407606774837,-0.40424122409967533
2021-04-23,0.29053890529186766,0.27570223320356657,0.8730027632402433,-0.031026279872453322
2022-03-02,0.16415150277094437,0.11899362684128079,0.8466534320906243,-0.055666043365636186
2022-04-15,0.07934358703254119,0.06774728656781148,0.5730460446084882,-0.03732810442527368
2023-02-09,0.2175840081789404,0.07780355699434427,0.9224696262712844,-0.08243629027173704
2025-03-06,0.1321543220837511,0.0008675408051539435,,-0.12938238046500994
