roe_vs_5y,pb_vs_5y,eps_chg,d_mgs,d_ust,brent,dd,peak,trough,trigger,fwd12,fwd36,e12,distance_to_now
0.007082374812748121,0.05289459256979567,0.01232489895715605,5.999999999999964,31.90002441406256,0.409365928070202,-0.09379392284928567,2026-02-11,2026-06-03,2026 Iran war/oil shock + global yield spike + KLCI-50 reweight,,,0.009141824680912514,1.5614497090382395
-0.004280700128877407,-0.054085630309971267,-0.0028952304094130854,54.99999999999998,19.40000057220448,0.08788131312987546,-0.0908921224770054,2013-07-24,2013-08-28,Taper tantrum -> oil crash / 1MDB / ringgit collapse (ROE reset era),0.13259675382274394,-0.015057265416429932,0.01718155361940199,1.8426072283905894
0.011263368734855145,-0.04230988905365307,0.008766477758817448,-4.000000000000045,15.100002288818345,-0.09720109666368348,-0.11367355186905903,2025-02-26,2025-04-09,2025 US tariff shock / OPR cut (07/2025),0.24611250818208652,,0.027568098767045024,2.4762426937200175
-0.016946536770008194,-0.12293345596410543,0.017978224338662585,26.00000000000005,-8.299994468688974,0.04513420826985848,-0.12442509407710767,2018-04-19,2018-07-06,GE14 (09/05/2018) + 2018 EM/trade-war sell-off,0.0791391510491104,0.06169552172677362,0.025694821846527827,2.613005069154849
0.013108147215395258,-0.11872532871738284,0.10225575131530174,-66.99999999999997,-1.5000104904174667,-0.1086524530007521,-0.08310615127130017,2022-11-24,2023-06-02,Cukai Makmur (Budget 2022) + Fed hikes / foreign outflows,0.2389570062771147,0.5994933980144006,0.021245458162486797,3.7880299419216374
0.007458805115506534,-0.0906421840008943,0.03411353024303576,-30.00000000000003,-111.19999885559086,-0.12135553442189584,-0.1840944053541701,2011-07-08,2011-09-26,Euro sovereign crisis II / US downgrade,0.23854476944593106,0.5463940013996689,0.14445661688684974,4.143191971190976
-0.023661187320258625,-0.25198472722115683,-0.018667203179361547,-6.000000000000033,-39.800000190734835,-0.4025947860929383,-0.14923009571133627,2014-09-08,2014-12-16,Taper tantrum -> oil crash / 1MDB / ringgit collapse (ROE reset era),-0.020540788556000944,0.2744382333143889,-0.12237026086529879,4.353978472996821
-0.04173824607148964,-0.32940945530991417,-0.08687878713913555,29.000000000000068,12.600004673004179,-0.5050761293537411,-0.1794739134259804,2015-04-07,2016-01-21,Taper tantrum -> oil crash / 1MDB / ringgit collapse (ROE reset era),0.14548075303325292,0.5067643328651972,-0.006323770493259384,5.164805936523256
-0.00973717606418363,-0.4103676701237585,-0.011120333049323805,-123.99999999999997,-157.4000120162964,-0.571170363381664,-0.35450621832169305,2019-02-27,2020-03-19,COVID-19 + 200bp OPR cuts + moratorium,0.4658136806658624,0.7110447723338511,-0.3459812399995491,6.801764356047854
