,0
2016-01-21,0.14548075303325292
2016-02-03,0.12588427758611243
2016-07-28,0.25903268620765907
2016-07-29,0.257750522330372
2016-08-03,0.2653826290602699
2016-08-04,0.2643317564675345
2016-08-05,0.2576644817835456
2016-08-08,0.26150127640002463
2016-08-09,0.25862867431275127
2016-08-10,0.2574637317713351
2016-08-29,0.26900753656279885
2016-09-19,0.25420982617989396
2016-09-21,0.2535667884534978
2016-09-30,0.23401088542727155
2016-11-14,0.21502066024286393
2016-11-16,0.19721327302754443
2016-11-17,0.20170563318813284
2016-11-18,0.20484393869102746
2016-11-21,0.19121725648043952
2016-11-22,0.19618813629696152
2016-11-23,0.19713182449315747
2016-11-24,0.1922258252336566
2016-11-25,0.18706157407477253
2016-11-28,0.18646400926962725
2016-11-29,0.18197121487941859
2016-11-30,0.18463386786203162
2016-12-01,0.1773620711589301
2016-12-02,0.1756285922013885
2016-12-05,0.19758322501310221
2016-12-06,0.18009897327341418
2016-12-07,0.1783109241282934
2016-12-08,0.1768766877106076
2016-12-09,0.17704902875701123
2016-12-13,0.1931657450433577
2016-12-14,0.22498141362823865
2016-12-15,0.22895498645849188
2016-12-16,0.22754732614238682
2016-12-19,0.21942822047955013
2016-12-20,0.23168124449602145
2016-12-21,0.23655470990517902
2016-12-22,0.24328827529740482
2016-12-23,0.24583189003010975
2016-12-27,0.25113201749847813
2016-12-28,0.2463847080580881
2016-12-29,0.2514545867060016
2016-12-30,0.24256482456546324
2017-01-02,0.23722178239421465
2017-01-03,0.2557554159749824
2017-01-04,0.24921342833753624
2017-02-02,0.2971886461634625
2019-07-12,-0.13728289579076725
2019-07-15,-0.1383904294820818
2019-07-16,-0.14380563150705106
2019-07-17,-0.14226110560870264
2019-07-18,-0.140810643151557
2019-07-19,-0.14387221468840294
2019-07-22,-0.15218766749707413
2019-07-23,-0.14319280299599424
2019-07-24,-0.1469379918579915
2019-07-25,-0.14753327591333276
2019-07-26,-0.14167804838304898
2019-07-29,-0.13893008875660406
2019-07-31,-0.14384730705512283
2019-08-01,-0.14383137105119836
2019-08-02,-0.14021339337352867
2019-08-05,-0.1559131049291239
2019-08-06,-0.14614900100377515
2019-08-07,-0.14942365412680492
2019-08-08,-0.1542023610700628
2019-08-09,-0.15308279901238908
2019-08-13,-0.1046321882817095
2019-08-14,-0.11515368611474952
2019-08-15,-0.1088833116625888
2019-08-16,-0.10782320355929398
2019-08-19,-0.12412535191822582
2019-08-20,-0.13014935736410638
2019-08-21,-0.1299780873790488
2019-08-22,-0.13537180925837844
2019-08-23,-0.13931624393829267
2019-08-26,-0.1515155508356104
2019-08-27,-0.14470663396194983
2019-08-28,-0.15748507210733542
2019-08-29,-0.1578041246329006
2019-08-30,-0.16797479067279353
2019-09-03,-0.16347859125390163
2019-09-04,-0.16682132159671803
2019-09-05,-0.1695075362715085
2019-09-06,-0.16799007001144262
2019-09-10,-0.16219014675402166
2019-09-11,-0.1687374755516009
2019-09-12,-0.16729075928867554
2019-09-13,-0.16893515049777863
2019-09-17,-0.16371184383731352
2019-09-18,-0.1794853779843536
2019-09-19,-0.1786426319843526
2019-09-20,-0.18141451177147172
2019-09-23,-0.18946803855320293
2019-09-24,-0.1955230423828791
2019-09-25,-0.19427338527786964
2019-09-26,-0.19762465976962462
2019-09-27,-0.19139582769537833
2019-09-30,-0.18030184705174956
2019-10-01,-0.18539406534871317
2019-10-02,-0.18043819285604068
2019-10-03,-0.17258445813294288
2019-10-04,-0.17020019959217292
2019-10-07,-0.17844455067388487
2019-10-08,-0.1588305432738707
2019-10-09,-0.14540028255623982
2019-10-10,-0.1467010534705081
2019-10-11,-0.1480697451287072
2019-10-14,-0.1748975521834627
2019-10-15,-0.1751262135957974
2019-10-16,-0.18359141131441348
2019-10-17,-0.18459037044205562
2019-10-18,-0.18704090488660607
2019-10-21,-0.18549935792103223
2019-10-22,-0.1904746544203958
2019-10-23,-0.183075068077604
2019-10-24,-0.18329681055622427
2019-10-25,-0.18188187637879105
2019-10-29,-0.1950644407961214
2019-10-30,-0.21282922260008952
2019-10-31,-0.23164111984311242
2019-11-01,-0.23008691132246428
2019-11-04,-0.23138422034157224
2019-11-05,-0.22353570364775832
2019-11-06,-0.21333878248103988
2019-11-07,-0.21491730647953144
2019-11-08,-0.22056932723134826
2019-11-11,-0.1449024757042986
2019-11-12,-0.12727551658218605
2019-11-13,-0.11711845350752181
2019-11-14,-0.11777405777614225
2019-11-15,-0.1180633076343176
2019-11-18,-0.06551895491883963
2019-11-19,-0.0934559511941494
2019-11-20,-0.09138285832651927
2019-11-21,-0.08556437108445591
2019-11-22,-0.08460891963324413
2019-11-25,-0.06625500397996908
2019-11-26,-0.05922611115022236
2019-11-27,-0.05645375192444446
2019-11-28,-0.05575286444715233
2019-11-29,-0.04848728339747799
2019-12-02,-0.049545894282960634
2019-12-03,-0.026354901337591663
2019-12-04,-0.027380350637920103
2019-12-05,-0.029686500244251013
2019-12-06,-0.027176718439862246
2019-12-09,0.011247325511186235
2019-12-10,0.03564257642084678
2019-12-11,0.08481444080127232
2019-12-12,0.08669129159111622
2019-12-13,0.08148277092882483
2019-12-16,0.07652384050650651
2019-12-17,0.0634305141554179
2019-12-18,0.019332833225058632
2019-12-19,0.014002901513372024
2019-12-20,0.021224678067371494
2019-12-23,0.009453288373778346
2019-12-24,0.009853653522014616
2019-12-26,0.011320530574413068
2019-12-27,0.006558451771530027
2019-12-30,0.018984425560530926
2019-12-31,0.0241737787100631
2020-01-02,0.013543279749991255
2020-01-03,0.01085189137678122
2020-01-06,-0.008555791091542697
2020-01-07,-0.01648565413540881
2020-01-08,0.003985310080144577
2020-01-09,-0.0023954929751918153
2020-01-10,-0.0018932316433193375
2020-01-13,0.005316613463411057
2020-01-14,0.018264469310931508
2020-01-15,0.003955656424548426
2020-01-16,0.004224356273014429
2020-01-17,0.0028500885865334613
2020-01-20,-0.0014890962775861993
2020-01-21,-0.0003209698760201496
2020-01-22,0.014121500227908035
2020-01-23,0.014257573544194546
2020-01-24,0.01236109382534556
2020-01-28,0.014267172046624532
2020-01-29,-0.008168332815063573
2020-01-30,-0.006599735446278232
2020-01-31,-0.0002432431567268578
2020-02-03,0.016575161462113686
2020-02-04,0.016878677459407854
2020-02-05,0.014173638572861247
2020-02-06,0.002460268276959887
2020-02-07,-0.004258923875177345
2020-02-10,0.03940119008008902
2020-02-11,0.035096804553866656
2020-02-12,0.058129589049109365
2020-02-13,0.06275803104633426
2020-02-14,0.06354179066774779
2020-02-17,0.06691703172864472
2020-02-18,0.041424643457886434
2020-02-19,0.049608507054483164
2020-02-20,0.04629949715386439
2020-02-21,0.0463892237828063
2020-02-24,0.06228836212010824
2020-02-25,0.07711279996115783
2020-02-26,0.07701756883185618
2020-02-27,0.06830425703757537
2020-03-04,0.08367497829751369
2020-03-05,0.10604704066893111
2022-02-28,0.04868005894433147
2022-03-01,0.05710320319125084
2022-03-02,0.06225736211533661
2022-03-03,0.05070271636539192
2022-03-04,0.05874924518801006
2022-03-07,0.08869130936561231
2022-03-08,0.0984740744475181
2022-03-09,0.0801026875464601
2022-03-10,0.047027931184589145
2022-03-11,0.04980399266832514
2022-03-14,0.024800464982410286
2022-03-15,0.027794315800011793
2022-03-16,-0.003063050735318762
2022-03-17,-0.011918395787963387
2022-03-18,-0.006654286585511593
2022-03-21,-0.002644735767713735
2022-03-22,0.009600568802438536
2022-03-23,-0.0068480693807956294
2022-03-24,-0.017303963328371474
2022-03-25,-0.01917361232098813
2022-03-28,-0.01299356724951306
2022-03-29,0.002633071301316958
2022-03-30,0.007014559967738032
2022-03-31,-0.0002653045646072716
2022-04-01,-0.007597142991650374
2022-04-04,0.0022822575496412867
2022-04-05,0.009614701313776619
2022-04-06,0.0007880162962916604
2022-04-07,-0.0015322122377164904
2022-04-08,-0.0029853949558508175
2022-04-11,0.004356871602491763
2022-04-12,0.005667624741171107
2022-04-13,0.005613721770747926
2022-04-14,0.011005744826052544
2022-04-15,0.014128179666553553
2022-04-18,0.023795720433265277
2022-04-20,0.012359537364180051
2022-04-21,0.002254645015147494
2022-04-22,-0.005099184059215167
2022-04-25,-0.002631694517918337
2022-04-26,-0.0180468478476542
2022-04-27,-0.011123690586933632
2022-04-28,-0.021660299143001382
2022-04-29,-0.022583651833685825
2022-05-05,0.004436849918489694
2022-05-06,0.005919207864015119
2022-05-09,0.010505673893477452
2022-05-10,-0.0023497991738424817
2022-05-11,-0.010388163626813274
2022-05-12,-0.011147315801438018
2022-05-13,0.000592874438855695
2022-05-17,-0.0003952160116423853
2022-05-18,-0.004201687037262758
2022-05-19,0.0015852788548607055
2022-05-20,0.005753749505407857
2022-05-23,-0.006212201580131249
2022-05-24,-0.0057269132668068545
2022-05-25,-0.01053504024463947
2022-05-26,-0.01773775759114482
2022-05-27,-0.021500378027111466
2022-05-30,-0.02183710652854387
2022-05-31,-0.04466151467305279
2022-06-01,-0.03647627219679672
2022-06-02,-0.04463120633450224
2022-06-03,-0.03659032045228805
2022-06-07,-0.029377201986755086
2022-06-08,-0.030962135831977933
2022-06-09,-0.02677840570863832
2022-06-10,-0.02101604794201395
2022-06-13,-0.0031973475611239977
2022-06-14,-0.007076545709154725
2022-06-15,-0.0007890765931480859
2022-06-16,-0.016665861806330562
2022-06-17,-0.014590271099881758
2022-06-20,0.014105103280401154
2022-06-21,0.01763423615324755
2022-06-22,0.033291111551555064
2022-06-23,0.0315584704686489
2022-06-24,0.029553894403143044
2022-06-27,0.022730214135158633
2022-06-28,0.01683444223767827
2022-06-29,0.020805299298287006
2022-06-30,0.018264974306835713
2022-07-01,0.011587536118347286
2022-07-04,0.024949253145160055
2022-07-05,0.019132860883499303
2022-07-06,0.02060244043448467
2022-07-07,0.017898795161015002
2022-07-08,0.011888461306842624
2022-07-12,0.019172800889521557
2022-07-13,0.027067479721412324
2022-07-14,0.03731031073122937
2022-07-15,0.04172994805234387
2022-07-18,0.034161585858865084
2022-07-19,0.034910990381060714
2022-07-20,0.03162332889719921
2022-07-21,0.026181527536873306
2022-07-22,0.010865361024202436
2022-07-25,0.027790034675315933
2022-07-26,0.03730793443374081
2022-07-27,0.03607267315768947
2022-07-28,0.030381797203998362
2022-07-29,0.03264332549640736
2022-08-01,0.03164838300715522
2022-08-02,0.026206785989786985
2022-08-03,0.0260578688740134
2022-08-04,0.025067791700893682
2022-08-05,0.027302510338506947
2022-08-08,0.03363454793103715
2022-08-09,0.039041800390283266
2022-08-10,0.03785200787470244
2022-08-11,0.028080027912719574
2022-08-12,0.024451655624747604
2022-08-15,0.036304677297626986
2022-08-16,0.034931312120920044
2022-08-17,0.02822127887141912
2022-08-18,0.02196891655581812
2022-08-19,0.02668402036965456
2022-08-22,0.035131932263870125
2022-08-23,0.035625437572323726
2022-08-24,0.03401568678167122
2022-08-25,0.029131934100426582
2022-08-26,0.02280765451011768
2022-08-29,0.03299745489753714
2022-08-30,0.031665145120174154
2022-09-01,0.040747981370247155
2022-09-02,0.03867077337088887
2022-09-05,0.03436474775398701
2022-09-06,0.04194130294223064
2022-09-07,0.04275817945603855
2022-09-08,0.03870140060442773
2022-09-09,0.03384802905582274
2022-09-12,0.030193561091484966
2022-09-13,0.037410278202254954
2022-09-14,0.052167885965472616
2022-09-15,0.058812420786497954
2022-09-19,0.05569121361368623
2022-09-20,0.04984384722776669
2022-09-21,0.05412160982371361
2022-09-22,0.057998956658075196
2022-09-23,0.06151053611480983
2022-09-26,0.0719088435290467
2022-09-27,0.07950417650954744
2022-09-28,0.07714546031024017
2022-09-29,0.0629806333875671
2022-09-30,0.060459056088557395
2022-10-03,0.05679522889102517
2022-10-04,0.04242462645319289
2022-10-05,0.04140037523662343
2022-10-06,0.04221928233925931
2022-10-07,0.04399695606527465
2022-10-11,0.07871632928628669
2022-10-12,0.08269696994096964
2022-10-13,0.08604709844489866
2022-10-14,0.0853300343666481
2022-10-17,0.08074952504297461
2022-10-18,0.07821604663888393
2022-10-19,0.05687161647461192
2022-10-20,0.04528690548629277
2022-10-21,0.037240471284808896
2022-10-25,0.03981380841692461
2022-10-26,0.04229273806115308
2022-10-27,0.04270938726858153
2022-10-28,0.04887658096042369
2022-10-31,0.047690846393522834
2022-11-01,0.053500136622089745
2022-11-02,0.05370388475812571
2022-11-03,0.07727193918929975
2022-11-04,0.07463026336259104
2022-11-07,0.08618520541228025
2022-11-08,0.075202888409305
2022-11-09,0.0671289113732132
2022-11-10,0.05809694871875681
2022-11-11,0.056193187334885764
2022-11-14,0.061943067876328195
2022-11-15,0.0798242711771946
2022-11-16,0.08600806497465507
2022-11-17,0.07719749113534591
2022-11-21,0.07612032018123371
2022-11-22,0.07738893233372379
2022-11-23,0.07681871236031834
2022-11-24,0.036053771914786426
2022-11-25,0.04157004110989382
2022-11-29,0.035868193446068286
2022-11-30,0.03284882979463433
2022-12-01,0.0484813415883385
2022-12-02,0.05804869759874309
2022-12-05,0.054390718875065414
2022-12-06,0.0528804701763137
2022-12-07,0.05023412414380757
2022-12-08,0.05564214517152122
2022-12-09,0.0497646248642194
2022-12-12,0.050326797556890845
2022-12-13,0.047443818595455545
2022-12-14,0.04167557422608881
2022-12-15,0.051707918726864976
2022-12-16,0.04945821359050462
2022-12-19,0.055362554590911994
2022-12-20,0.052262130784378025
2022-12-21,0.03539930702054228
2022-12-22,0.037145762901961143
2022-12-23,0.03282774424790191
2022-12-27,0.04817535095632808
2022-12-28,0.053927564901153024
2022-12-29,0.040676053674959745
2022-12-30,0.043271944014312336
2023-01-03,0.05249312824436414
2023-01-04,0.06604601129953891
2023-01-05,0.06665725628200092
2023-01-06,0.06816549587710963
2023-01-09,0.07126577928405342
2023-01-10,0.059319119421709754
2023-01-11,0.053677057039335896
2023-01-12,0.05697429115514163
2023-01-13,0.05120193690215835
2023-01-16,0.06341538174399952
2023-01-17,0.06305350187768988
2023-01-18,0.05983923679421821
2023-01-19,0.06736608056795901
2023-01-20,0.06389237497923328
2023-01-25,0.0740671134301174
2023-01-26,0.08141616586552058
2023-01-27,0.083870473970735
2023-01-30,0.08644192882693869
2023-01-31,0.09343872876708481
2023-02-02,0.10388875862629599
2023-02-03,0.10684068210562381
2023-02-07,0.11552161463142707
2023-02-08,0.1266133907489697
2023-02-09,0.12688470201365365
2023-02-10,0.11307034586699016
2023-02-13,0.12761269992576918
2023-02-14,0.12900642578674093
2023-02-15,0.12720308747781095
2023-02-16,0.13575679902466908
2023-02-17,0.1414096690698805
2023-02-20,0.1495510999902938
2023-02-21,0.15081578002808516
2023-02-22,0.15091528673742638
2023-02-23,0.15441510904916034
2023-02-24,0.1494233176136095
2023-02-27,0.1405493309784389
2023-02-28,0.13089796824571698
2023-03-01,0.1220212996857919
2023-03-02,0.12570765091807035
2023-03-03,0.12485999927339986
2023-03-06,0.13385232064029484
2023-03-07,0.13436345184687193
2023-03-08,0.1442807141453688
2023-03-09,0.14451715761564232
2023-03-10,0.15540774980071115
2023-03-13,0.16097624646648967
2023-03-14,0.19110797434879623
2023-03-15,0.1937873792817435
2023-03-16,0.20579358758403798
2023-03-17,0.19087996411514374
2023-03-20,0.18662383435053775
2023-03-21,0.18218457382956466
2023-03-22,0.17598017207619354
2023-03-23,0.18239122040639377
2023-03-24,0.19244643072157075
2023-03-27,0.19610598114697275
2023-03-28,0.18473172327208265
2023-03-29,0.17909438600303784
2023-03-30,0.17244548232035672
2023-03-31,0.17486913901273637
2023-04-03,0.16036907081509622
2023-04-04,0.17100457474172037
2023-04-05,0.16680032446697957
2023-04-06,0.17070423049230077
2023-04-07,0.1750561849240433
2023-04-10,0.17360282037084596
2023-04-11,0.1677397233601896
2023-04-12,0.1707798850061779
2023-04-13,0.17125014319483833
2023-04-14,0.17136604257369714
2023-04-17,0.1581406089750732
2023-04-18,0.16582251912914048
2023-04-19,0.1681071493496542
2023-04-20,0.17077066350081416
2023-04-25,0.19092348762287426
2023-04-26,0.19769516683633803
2023-04-27,0.19170009191644155
2023-04-28,0.19495954759513445
2023-05-02,0.18145766492369875
2023-05-03,0.18424958751146714
2023-05-05,0.1748346834712986
2023-05-08,0.18113112825821287
2023-05-09,0.18479706440739774
2023-05-10,0.19889837414808187
2023-05-11,0.2004362657035872
2023-05-12,0.20582991469095946
2023-05-15,0.20373752224643327
2023-05-16,0.205707420719494
2023-05-17,0.2086577582561866
2023-05-18,0.20349865765781505
2023-05-19,0.20206876000124518
2023-05-22,0.21275941536033005
2023-05-23,0.22330528001978012
2023-05-24,0.22411443693760602
2023-06-22,0.18606271574250877
2023-07-14,0.20269655576374546
2023-07-17,0.20973426979019028
2023-07-18,0.22486139895726964
2023-07-20,0.22294017321335557
2023-07-21,0.21715060933093766
2023-07-24,0.20817958811627157
2023-07-25,0.19550471415581372
2023-07-26,0.18647370039133015
2023-07-27,0.1830492445073968
2023-07-28,0.1816716596148955
2023-07-31,0.1898450040313171
2023-08-01,0.2036567577686279
2023-08-02,0.20793570594664978
2023-08-03,0.21406078212749402
2023-08-04,0.20753367926057753
2023-08-07,0.19632814267484178
2023-08-08,0.18581311329650085
2023-08-09,0.1778578239704558
2023-08-10,0.18106093511723875
2023-08-11,0.18217512956344195
2023-08-14,0.1904630170626438
2023-08-15,0.1898057959022219
2023-08-16,0.19738423443834696
2023-08-17,0.20711270444640828
2023-08-18,0.21181644745553152
2023-08-21,0.2644998465309065
2023-08-22,0.2609506936831769
2023-08-23,0.26152467948245395
2023-08-24,0.26031090886329245
2023-08-25,0.26010669538646813
2023-08-28,0.32019494143308425
2023-08-29,0.28403603536195976
2023-08-30,0.29557447213640153
2023-09-01,0.2875097550321388
2023-09-04,0.2792045334932842
2023-09-05,0.2853950241655727
2023-09-06,0.2769891987621256
2023-09-07,0.27768061919552367
2023-09-08,0.2816726935570406
2023-09-11,0.2967839735304574
2023-09-12,0.29045138409454907
2023-09-13,0.30429894406437885
2023-09-14,0.30051489511172225
2023-09-15,0.2908634261291463
2023-09-18,0.29968468706604434
2023-09-19,0.29773935239059757
2023-09-20,0.3026113180839698
2023-09-21,0.3018464923562716
2023-09-22,0.30325982292497344
2023-09-25,0.30463174445664665
2023-09-26,0.3035152917318824
2023-09-27,0.2922716113501378
2023-10-10,0.2851366204328303
2023-10-11,0.27148585629584177
2023-10-12,0.2622870525737422
2023-10-13,0.2631160466017397
2023-10-16,0.2771269638168481
2023-10-17,0.2859823238845427
2023-10-18,0.2928979931064517
2023-10-19,0.2942562299481437
2023-10-20,0.2900305887391583
2023-10-23,0.2917148172584292
2023-10-24,0.2864272388308733
2023-10-25,0.27165305736371725
2023-10-26,0.27074013721680834
2023-10-27,0.27137341246814306
2023-10-30,0.26413825478481723
2023-10-31,0.2588471517200994
2023-11-01,0.2567789588582794
2023-11-02,0.25514873718656395
2023-11-03,0.2508707310191376
2023-11-06,0.2606913322934028
2023-11-07,0.25962825537241496
2023-11-08,0.2634428033127123
2023-11-09,0.2641906056062091
2023-11-10,0.2695520203590711
2023-11-14,0.2577627681469321
2023-11-15,0.25267920174647207
2023-11-16,0.2526951605177721
2023-11-17,0.2554382850004404
2023-11-20,0.24799586651196126
2023-11-21,0.2444144218208557
2023-11-22,0.24545188664210005
2023-11-23,0.2461325343310039
2023-11-24,0.24567979465502465
2023-11-27,0.2652238797099016
2023-11-28,0.262045222181007
2023-11-29,0.2686860286681694
2023-11-30,0.27115382645548936
2023-12-01,0.2585681312407344
2023-12-04,0.25683766954928977
2023-12-05,0.2635466930451351
2023-12-06,0.2649211549287538
2023-12-07,0.2623322486617916
2023-12-08,0.26232218077088043
2023-12-11,0.2588697597963874
2023-12-12,0.2552262777216374
2023-12-13,0.2551497642494098
2023-12-14,0.2501142194346049
2023-12-15,0.24928888857257614
2023-12-18,0.22696920437727797
2023-12-19,0.22455827696590713
2023-12-20,0.21948245119875986
2023-12-21,0.23461312119327782
2023-12-22,0.23609743395239535
2023-12-26,0.2618516107398947
2023-12-27,0.26555691397323034
2023-12-28,0.2572779726832459
2023-12-29,0.2570062831913782
2024-01-02,0.2597151869415637
2024-01-03,0.2560626483686017
2024-01-04,0.24332246308706096
2024-01-05,0.23391007228983995
2024-01-08,0.2199474964554371
2024-01-09,0.2123269949218396
2024-01-10,0.23317646095516253
2024-01-11,0.2340610368854481
2024-01-12,0.23301236152174365
2024-01-15,0.2066951799615544
2024-01-16,0.21302607088669867
2024-01-17,0.21928152827895953
2024-01-18,0.22591418381683925
2024-01-19,0.22076146566678
2024-01-22,0.2299868119114421
2024-01-23,0.21778410308539486
2024-01-24,0.2145561949174999
2024-01-26,0.20971002836847208
2024-01-29,0.1945606036398435
2024-01-30,0.19400564955419974
2024-01-31,0.19863359735163133
2024-02-02,0.19331626475575314
2024-02-05,0.20999817271057597
2024-02-06,0.2177621512005965
2024-02-07,0.22393520549910728
2024-02-08,0.22716025015833075
2024-02-09,0.23035911031226886
2024-02-13,0.21219889050387475
2024-02-14,0.21800589614098387
2024-02-15,0.2193637895000491
2024-02-16,0.21314035349524363
2024-02-19,0.21241257488206133
2024-02-20,0.19924505164876116
2024-02-21,0.20198430859131156
2024-02-22,0.20501705030468464
2024-02-23,0.2032842197684963
2024-02-26,0.21616802445514183
2024-02-27,0.2105216477461438
2024-02-28,0.20924167695806362
2024-02-29,0.20878556595343745
2024-03-01,0.21960169499421878
2024-03-04,0.21050698675138468
2024-03-05,0.21043928979542126
2024-03-06,0.19856410435323046
2024-03-07,0.1963173028096763
2024-03-08,0.187415674387589
2024-03-11,0.16662292642055987
2024-03-12,0.14440028795445192
2024-03-13,0.16942838711553798
2024-03-14,0.16797747695123744
2024-03-15,0.15669055691975475
2024-03-18,0.16959094843999312
2024-03-19,0.16109028016239435
2024-03-20,0.1575996622426743
2024-03-21,0.1602170351640908
2024-03-22,0.1571101170983098
2024-03-25,0.15781748052326128
2024-03-26,0.15701617430826742
2024-03-27,0.17216794551547165
2024-03-29,0.14638312974419687
2024-04-01,0.14222034271837325
2024-04-02,0.15411782576297295
2024-04-03,0.16621084124288843
2024-04-04,0.14318161302206733
2024-04-05,0.14736948411042317
2024-04-08,0.0986946977945331
2024-04-09,0.05861437855227347
2024-04-12,0.09577268845529163
2024-04-15,0.11888431664554244
2024-04-16,0.12362204178835445
2024-04-17,0.12074263593889145
2024-04-18,0.13254011862790804
2024-04-19,0.13356106116502575
2024-04-22,0.11033546269799377
2024-04-23,0.11055489544949637
2024-04-24,0.11217436660348401
2024-04-25,0.11283928043033953
2024-04-26,0.11760644359675476
2024-04-29,0.1288537315997298
2024-04-30,0.1427676633328001
2024-05-02,0.14255964431671808
2024-05-03,0.14003601066195626
2024-05-06,0.12266266320595687
2024-05-07,0.12214792934021967
2024-05-08,0.11817289998471736
2024-05-09,0.11790500888201239
2024-05-10,0.11500345008103441
2024-05-13,0.14842040962944858
2024-05-14,0.14893774389428538
2024-05-15,0.14363394574816524
2024-05-16,0.139791631597997
2024-05-17,0.1381776329646469
2024-05-20,0.12367751792623993
2024-05-21,0.11898052403771997
2024-05-23,0.10735649076139153
2024-05-24,0.11192533051564113
2024-05-27,0.11030600153450187
2024-05-28,0.10502439802010666
2024-05-29,0.10957356202484547
2024-05-30,0.10594326938197907
2024-05-31,0.10214360461817784
2024-06-04,0.08407930289909493
2024-06-05,0.0909693375158449
2024-06-06,0.08648226723595553
2024-06-07,0.08610845913132437
2024-06-10,0.08631107475650635
2024-06-11,0.0962041836189571
2024-06-12,0.10038964127030026
2024-06-13,0.09102000542694433
2024-06-14,0.08964309605316778
2024-06-18,0.08135371103862465
2024-06-19,0.0772368041596434
2024-06-20,0.08671564464939818
2024-06-21,0.08773651823668405
2024-06-24,0.10544809801345045
2024-06-25,0.1053337067480673
2024-06-26,0.10439488839061939
2024-06-27,0.10487328497551851
2024-06-28,0.10261629555848639
2024-07-01,0.0907472355118728
2024-07-02,0.0941389738071925
2024-07-03,0.09157038725397282
2024-07-04,0.09170920958746875
2024-07-05,0.09583259949054534
2024-07-09,0.06872290185226615
2024-07-10,0.07370428623922165
2024-07-11,0.07145179448039785
2024-07-12,0.07134140864059924
2024-07-15,0.05582143633698333
2024-07-16,0.042810040890423284
2024-07-17,0.04525921768003438
2024-07-18,0.043871645530953796
2024-07-19,0.04511540185306795
2024-07-22,0.0473891433152398
2024-07-23,0.05118102314405193
2024-07-24,0.057114538707873086
2024-07-25,0.05108720543403167
2024-07-26,0.05155870268684537
2024-07-29,0.0347399259913137
2024-07-30,0.04261014833150667
2024-07-31,0.01833075029374709
2024-08-01,0.034358829997749085
2024-08-02,0.03556625981153139
2024-08-05,0.07333002068424066
2024-08-06,0.05921656979321033
2024-08-07,0.0451293459168125
2024-08-08,0.05372474090788604
2024-08-09,0.05318162776558455
2024-08-12,0.060847800776717476
2024-08-13,0.07481412335409288
2024-08-14,0.07428020315077388
2024-08-15,0.06920474009619237
2024-08-16,0.06101781222959879
2024-08-19,0.02736200205837025
2024-08-20,0.020056226045820136
2024-08-21,0.02244791282771974
2024-08-22,0.028881511050145248
2024-08-23,0.033247016132373464
2024-08-26,0.02454343990132135
2024-08-27,0.009028277657862294
2024-08-28,-0.01763447956660824
2024-08-29,-0.002481736286568781
2024-08-30,-0.015393222562972042
2024-09-02,-0.011608738535114016
2024-09-03,-0.013683803123785698
2024-09-04,-0.010591097587896114
2024-09-05,-0.011329911518667801
2024-09-06,-0.009026548822616332
2024-09-09,-0.016733005786452204
2024-09-10,-0.032797001530161185
2024-09-11,-0.01683904740498232
2024-09-12,-0.0024386719843920712
2024-09-13,-0.010980927089738302
2024-09-17,-0.007242791158160733
2024-09-18,-0.01298420433682601
2024-09-19,-0.015297821651980015
2024-09-20,-0.01891376678454615
2024-09-23,-0.01500081156411992
2024-09-24,-0.015564624391952053
2024-09-25,-0.01458817691670189
2024-09-26,-0.006716672069873142
2024-09-27,0.004255698787214879
2024-09-30,0.016057658602616875
2024-10-01,0.019934409893587413
2024-10-02,0.04340851187375416
2024-10-03,0.03803688496236801
2024-10-04,0.04196376485236453
2024-10-07,0.04087584770293873
2024-10-08,0.0410088851338013
2024-10-09,0.03331554920096291
2024-10-10,0.02773218375590747
2024-10-11,0.03401282789818061
2024-10-14,0.01674423433568273
2024-10-15,0.007908256100857658
2024-10-16,0.015011204171312631
2024-10-17,0.005763826631948188
2024-10-18,0.005371955953990426
2024-10-21,0.0079557106084156
2024-10-22,-0.0019746746233170187
2024-10-23,-0.0001402772992479262
2024-10-24,0.009263729299337387
2024-10-25,0.016919519617671464
2024-10-28,0.023946697870047107
2024-10-29,0.018362968879843677
2024-10-30,0.023890876432732577
2024-11-01,0.024136440603729437
2024-11-04,0.04037176298472023
2024-11-05,0.03179494139084449
2024-11-06,0.017791534746973037
2024-11-07,0.018350389692692204
2024-11-08,0.020738834092371317
2024-11-11,0.03903217423631444
2024-11-12,0.03166589391501917
2024-11-13,0.030177478640432076
2024-11-14,0.03366812618099191
2024-11-15,0.029541519945021744
2024-11-18,0.021756420539535082
2024-11-19,0.0336010886129845
2024-11-20,0.038329353349480844
2024-11-21,0.034438173440119346
2024-11-22,0.03497552821934491
2024-11-25,0.024962621742197433
2024-11-26,0.040193196442799284
2024-11-27,0.03220175933993019
2024-11-28,0.041473235239935846
2024-11-29,0.036321302676673994
2024-12-02,0.07718858929289496
2024-12-03,0.07277032482937273
2024-12-04,0.06616705280744295
2024-12-05,0.0606498266934854
2024-12-06,0.06132252380936287
2024-12-09,0.05975319351928676
2024-12-10,0.06068897800567097
2024-12-11,0.0715220040337694
2024-12-12,0.07973554760314516
2024-12-13,0.0796169925093766
2024-12-16,0.08919671467605017
2024-12-17,0.08700848632851033
2024-12-18,0.08840047988475641
2024-12-19,0.11738203881610776
2024-12-20,0.12691991781770673
2024-12-23,0.12088593525147151
2024-12-24,0.115100652639613
2024-12-26,0.11133606327657453
2024-12-27,0.10643840775676239
2024-12-30,0.11115189651038615
2024-12-31,0.10421754126544469
2025-01-02,0.1027868151300646
2025-01-03,0.10530180393196042
2025-01-06,0.11809139615470654
2025-01-07,0.11534737682274687
2025-01-08,0.12017821261166062
2025-01-09,0.14132055926551113
2025-01-10,0.13691188313056668
2025-01-13,0.16459328350747549
2025-01-14,0.17141876336603756
2025-01-15,0.19000419327019347
2025-01-16,0.1851624233950977
2025-01-17,0.1804096191554938
2025-01-20,0.16572247221951364
2025-01-21,0.16779416074195352
2025-01-22,0.17182272910654062
2025-01-23,0.18010781900765016
2025-01-24,0.1771442636010554
2025-01-27,0.22918650381281624
2025-01-28,0.22481149437433712
2025-01-31,0.22019899072088478
2025-02-03,0.22219347596607886
2025-02-04,0.2042212470343574
2025-02-05,0.2028263130823218
2025-02-06,0.19889365367208578
2025-02-07,0.1937213897103356
2025-02-10,0.2041227224257276
2025-02-12,0.19494426031649748
2025-02-13,0.19516668056728292
2025-02-14,0.18839282956939596
2025-02-17,0.1809749120416584
2025-02-18,0.17569315270295838
2025-02-19,0.18730845389604278
2025-02-20,0.1959332358371928
2025-02-21,0.19210033970831808
2025-02-24,0.19924092729986054
2025-02-25,0.20318530302366078
2025-02-26,0.17359255858340195
2025-02-27,0.15637725088672583
2025-02-28,0.16124136083174245
2025-03-03,0.15312613984760093
2025-03-04,0.14730247501356075
2025-03-05,0.1513168289829756
2025-03-06,0.16348785147112843
2025-03-07,0.1634120701698949
2025-03-10,0.16253782788928128
2025-03-11,0.18717641245825622
2025-03-12,0.20920504153601893
2025-03-13,0.17525408357303962
2025-03-14,0.1735483078883271
2025-03-17,0.17491897436677917
2025-03-19,0.19306667255178622
2025-03-20,0.20926015021277844
2025-03-21,0.20458220942508243
2025-03-24,0.19337420597701183
2025-03-25,0.20026907935911398
2025-03-26,0.18844582696846768
2025-03-27,0.16832481605415484
2025-03-28,0.18832158636250607
2025-04-02,0.1625962226433295
2025-04-03,0.14751220186066205
2025-04-04,0.16002334636728333
2025-04-07,0.18807689436536612
2025-04-08,0.21438478949850648
2025-04-10,0.18972872761482962
2025-04-11,0.20827586801608056
2025-04-14,0.18709605790269057
2025-04-15,0.18131529590364015
2025-04-16,0.19155615846466922
2025-04-17,0.19320823073845816
2025-04-18,0.17500349135761817
2025-04-21,0.20989799119386676
2025-04-22,0.21053452636284375
2025-04-23,0.2123464968904658
2025-04-24,0.20536121802411467
2025-04-25,0.20643893554479775
2025-04-28,0.19043163689838494
2025-04-29,0.1828138205501706
2025-04-30,0.16640811878915396
2025-05-02,0.16619573436356871
2025-05-05,0.17901830551527032
2025-05-06,0.19586430629171359
2025-05-07,0.2056011858262088
2025-05-08,0.20905305566349397
2025-05-09,0.20968719957777227
2025-05-13,0.17042256857747806
2025-05-14,0.16803750978986254
2025-05-15,0.1761498785311535
2025-05-16,0.17509798628742557
2025-05-19,0.1712574597743146
2025-05-20,0.17105213286657328
2025-05-21,0.1790127040620786
2025-05-22,0.19747322389683153
2025-05-23,0.18425304740922233
2025-05-26,0.17744993900980566
2025-05-27,0.18571050938493738
2025-05-28,0.16529346264435385
2025-05-29,0.16681884951728887
2025-05-30,0.1713536386970813
2025-06-03,0.16236794131732757
2025-06-04,0.1795578387366914
2025-06-05,0.19673136588805118
2025-06-06,0.19907237454229065
2025-06-09,0.17891323345715948
2025-06-10,0.18760510913300799
2025-06-11,0.17624019523447187
2025-06-12,0.18478065985692704
2025-06-13,0.19422371605700994
2025-06-16,0.24993033502295847
2025-06-17,0.2576577604058683
2025-06-18,0.2532371044114945
2025-06-19,0.2547197248414721
2025-06-20,0.2465090819428113
2025-06-23,0.19996921327598383
2025-06-24,0.20045475026697135
2025-06-25,0.19040338886760666
2025-06-26,0.18915333512955534
2025-06-30,0.19254660918078992
2025-07-01,0.18760287643544715
2025-07-02,0.18971340606156217
2025-07-03,0.2021638454743735
2025-07-04,0.19800093434786215
2025-07-07,0.20867796982002584
2025-07-08,0.2213846339667096
2025-07-09,0.21846423308666973
2025-07-10,0.21548876370985792
2025-07-11,0.21611815602103213
2025-07-14,0.2325914931744697
2025-07-15,0.24001250152915832
2025-07-16,0.269817901305456
2025-07-17,0.2802482905559942
2025-07-18,0.2752351106849753
2025-07-21,0.26219550801441405
2025-07-22,0.255743148243446
2025-07-23,0.24759463131881065
2025-07-24,0.23124112869409452
2025-07-25,0.2348515683694632
2025-07-28,0.2520949126857215
2025-07-29,0.2584268578333184
2025-07-30,0.26129024860656824
2025-07-31,0.27803609297864784
2025-08-01,0.25116231023079916
2025-08-04,0.27372658953855544
2025-08-05,0.2699581043550574
2025-08-06,0.2584745711934413
2025-08-07,0.2545541005981875
2025-08-08,0.24759001680105786
2025-08-11,0.2322880432316643
2025-08-12,0.22831532242390584
2025-08-13,0.20583399291671634
2025-08-14,0.20640951876015357
2025-08-15,0.20547887716142732
2025-08-18,0.1999869545229871
2025-08-19,0.19573639385625063
2025-08-20,0.1964811415142158
2025-08-21,0.19409793118618457
2025-08-22,0.19171351039916695
2025-08-25,0.18598127560528854
2025-08-26,0.21342469107642348
2025-08-27,0.20833851027255323
2025-08-28,0.1965362049785957
2025-08-29,0.2003599645208316
2025-09-02,0.18783019944706725
2025-09-03,0.20271947609344165
2025-09-04,0.19737390866313564
2025-09-08,0.1951179526545146
2025-09-09,0.18889173868144837
2025-09-10,0.18716717599066035
2025-09-11,0.16330536634858617
2025-09-12,0.15294788840151918
2025-09-17,0.14531723589736378
2025-09-18,0.14323781226752041
2025-09-19,0.14944920920925608
2025-09-22,0.16334270026811404
2025-09-23,0.16313212000363309
2025-09-24,0.1612772570173322
2025-09-25,0.1655571354383072
2025-09-26,0.15599571691281056
2025-09-29,0.12973985110099262
2025-09-30,0.13295733236066054
