bank,base_eps,stress_eps,eps_hit_pct,stress_roe,div_cover_stress,stress_pat_hit_rm_bn,cet1_now,stress_dps,dps_cut_pct,cet1_hit_bp_1y,etiqa_deduction_bp,cet1_post_etiqa_est
MAYBANK,0.89650155,0.5972343277528656,-0.33381673712347115,0.07763650314621207,0.9016374098494523,3.6198103937417585,14.96,0.537510894977579,-0.18852633113549322,-36.40117439910901,-83.35188816686691,14.126481118331332
PBBANK,0.39180155,0.28967389250442077,-0.26066169849399323,0.09143457987576806,1.2407739673274145,1.9823684772643502,13.9,0.23346225834216092,0.0,-64.173397978041,,
CIMB,0.7654829000000001,0.5167050547247275,-0.32499464752938645,0.07948330278192338,1.0456838236890507,2.685086877250726,14.0,0.46503454925225474,-0.05888455867985454,-55.359601632910206,,
HLBANK,2.2849753499999994,1.6698809952001072,-0.2691908054062344,0.08193724215898465,1.6481984509093268,1.261216530463499,12.9,1.0131552995204054,0.0,-69.82466269673924,,
RHBBANK,0.8087866499999999,0.5225076076598136,-0.3539611371431345,0.06694352581097392,1.028881492985844,1.2495785187596,,0.4702568468938323,-0.0740066563127404,-55.114987900117754,,
AMBANK,0.6585698,0.4394538567179276,-0.3327148364259528,0.06781695319721104,1.2133150802814965,0.7256572786286933,,0.36219269327466996,0.0,-63.52053164266135,,
BIMB,0.23134615,0.06568294059958454,-0.7160837100613754,0.018296083732474804,0.4841313068572811,0.3754712266513146,,0.059114646539626094,-0.564281823828447,-35.266496223928954,,
ALLIANCE,0.5109965,0.322221118906834,-0.3694259766811826,0.06268893363946187,1.6772411096439288,0.3266235063899362,12.4,0.19211377365728904,0.0,-64.4408210525441,,
AFFIN,0.22746779999999997,0.07661379109800329,-0.6631884112916057,0.015699547356148216,0.8331447270512446,0.397078724473455,,0.06895241198820296,-0.25016974565387995,-49.31451109400037,,
