ticker,bbg,lo_rating,lo_upside_now,iv30,iv12m,off_hi52,ki_cap_13w,ma20_gap,strong_day,next_earn,earn_status,eligible_td,n_top40,n_final,best_score
MU,MU UW,H,0.1106,0.6146,0.6238,-0.1390,0.6146,0.0950,False,2026-09-30,confirmed amc,True,11,8,0.4551
SKHY,SKHY UW,H,-0.0260,0.5610,0.6348,-0.0675,0.6027,0.0435,False,2026-10-27,est,False,0,0,
SNDK,SNDK UW,n/r,,0.7184,0.7342,-0.2552,0.5123,0.0634,False,2026-10-30,est window 30/10-09/11,False,0,0,
WDC,WDC UW,n/r,,0.6803,0.6803,-0.4370,0.8137,,False,2026-10-29,est,False,0,0,
STX,STX UW,H,0.0133,0.6919,0.6919,-0.2082,0.6944,,False,2026-10-27,est,False,0,0,
NVDA,NVDA UW,SB,0.1622,0.3028,0.3914,-0.0495,0.7606,0.0121,False,2026-11-18,est 18-25/11,True,5,3,0.4551
AVGO,AVGO UW,B,0.4271,0.3460,0.4388,-0.2911,0.8626,-0.0240,False,2026-12-10,est,True,5,2,0.4474
AMD,AMD UW,H,-0.2372,0.5202,0.5754,-0.0219,0.6065,0.2092,True,2026-11-03,confirmed amc,True,8,5,0.4371
MRVL,MRVL UW,n/r,,0.6569,0.6823,-0.2150,0.5662,0.1168,False,2026-12-01,est,False,0,0,
AMAT,AMAT UW,H,0.0965,0.5372,0.5553,-0.3588,0.7809,0.0500,False,2026-11-12,est,True,10,7,0.4500
ARM,ARM UW,H,-0.1839,0.6738,0.7320,-0.3233,0.6445,0.1548,False,2026-11-04,est (FQ2 FY26 was 05/11/2025),True,35,24,0.4622
ANET,ANET UN,H,0.0695,0.4616,0.4616,-0.0345,0.6771,0.0479,False,2026-11-02,est (same day as obs #1),False,0,0,
DELL,DELL UN,B,0.1194,0.5993,0.6784,-0.0999,0.6033,0.0217,False,2026-11-24,est,True,12,9,0.4622
ORCL,ORCL UN,H,0.0391,0.4910,0.5643,-0.5647,0.7386,-0.0659,False,2026-12-14,est,True,7,2,0.4597
ADBE,ADBE UW,H,-0.0164,0.3792,0.4507,-0.3431,0.7356,-0.0894,False,2026-12-10,est,True,0,0,
CRM,CRM UN,B,0.2593,0.3865,0.4540,-0.1119,0.5738,-0.0433,False,2026-12-02,est,True,0,0,
PANW,PANW UW,H,-0.0767,0.5060,0.5680,-0.0225,0.6694,0.0791,False,2026-11-12,est 12-19/11,True,3,3,0.4326
PLTR,PLTR UW,H,-0.1173,0.4700,0.5843,-0.0719,0.5069,0.0807,False,2026-11-09,vendor-confirmed amc,True,0,0,
DDOG,DDOG UW,H,-0.0425,0.5717,0.6269,-0.1223,0.7120,0.1136,False,2026-11-05,est,True,9,4,0.4245
DIS,DIS UN,SB,0.3642,0.2408,0.2908,-0.0923,0.7887,-0.0031,False,2026-11-12,est,True,6,1,0.4296
PDD,PDD UW,B,0.4118,0.3000,0.3983,-0.4391,0.8280,-0.0271,False,2026-11-18,est,True,2,2,0.4412
BABA,BABA UN,B,0.9510,0.3786,0.4412,-0.4258,0.7555,-0.0122,False,2026-11-19,est,True,3,1,0.4109
GOOGL,GOOGL UW,B,0.3144,0.3127,0.3568,-0.1616,0.8278,0.0010,False,2026-10-27,est late Oct,False,0,0,
AMZN,AMZN UW,SB,0.2832,0.3079,0.3631,-0.1317,0.8161,-0.0206,False,2026-10-29,est late Oct,False,0,0,
MSFT,MSFT UW,SB,0.2271,0.2590,0.2590,-0.0951,0.6424,,False,2026-10-27,est late Oct,False,0,0,
META,META UW,B,-0.0998,0.4093,0.4093,-0.0029,0.6071,,False,2026-10-28,est late Oct,False,0,0,
AAPL,AAPL UW,B,0.0270,0.2277,0.2277,-0.0273,0.7347,,False,2026-10-29,est late Oct,False,0,0,
TSLA,TSLA UW,H,0.0187,0.4361,0.4361,-0.2423,0.7082,,False,2026-10-21,est,False,0,0,
NFLX,NFLX UW,B,0.4640,0.4389,0.4389,-0.4256,0.8167,,False,2026-10-15,est,False,0,0,
TSM,TSM UN,SB,0.1960,0.3268,0.3268,-0.0579,0.7436,,False,2026-10-15,est,False,0,0,
ASML,ASML UW,B,0.2090,0.4573,0.4573,-0.1387,0.7998,,False,2026-10-14,est,False,0,0,
INTC,INTC UW,H,-0.2150,0.6653,0.6653,-0.1051,0.5778,,False,2026-10-22,est,False,0,0,
NOW,NOW UN,SB,0.3064,0.5569,0.5569,-0.2846,0.5919,,False,2026-10-21,est,False,0,0,
