basket,n,ko,strike,ki,cpn_roll,cpn_desk,annuity,uplift_per_1pct_uf,fee_room_at_floor,uf_room_min_cpn,p_ko1,p_ko3_mem,p_ko3_sim,life_mem,life_sim,p_loss_mem,p_loss_sim,e_loss_mem,client_ev,cpn_iv,ko_cushion_sd,ki_cushion_sd,fee_velocity,net_uf_yield,uf_check,avg_iv,avg_rho,regime,cpn_floor,ko_cap,ki_cap_rule,ki_cap_13w,hard_fail,flags,info,roll_score,eligible,rankable
AMD+ARM+DELL,3,83,60,60,0.0744,-0.0547,0.2325,0.0430,0.0300,0.0064,0.6758,0.7975,0.7748,2.9590,3.2571,0.1160,0.1462,0.4790,-0.0372,0.1244,1.0798,0.8546,0.0406,0.0338,False,0.5978,0.4780,mid,0.1200,91.3720,63.8699,60.3263,,strong-day fix (AMD); low corr (avg rho 0.48); cheap (CPN/IV < 0.20); below mid target 12%,px > LO PT (AMD/ARM); earnings <=3d after obs #1 (AMD/ARM),0.4916,False,False
ARM+DELL+DIS,3,85,60,60,0.0729,-0.0534,0.2375,0.0421,0.0294,0.0059,0.6573,0.7879,0.7629,3.0392,3.3828,0.1169,0.1476,0.4723,-0.0367,0.1445,1.1156,1.0122,0.0395,0.0334,False,0.5046,0.1764,mid,0.1200,92.7161,68.4899,60.3263,,low corr (avg rho 0.18); cheap (CPN/IV < 0.20); below mid target 12%,px > LO PT (ARM); earnings <=3d after obs #1 (ARM),0.5161,False,False
AMD+ARM,2,88,60,60,0.0705,-0.0442,0.2615,0.0382,0.0277,0.0049,0.6362,0.7718,0.7595,3.1789,3.3390,0.1185,0.1320,0.4359,-0.0330,0.1181,0.7417,0.8556,0.0377,0.0328,False,0.5970,0.6097,mid,0.1200,91.3829,63.9060,60.6472,,strong-day fix (AMD); cheap (CPN/IV < 0.20); below mid target 12%,px > LO PT (AMD/ARM); earnings <=3d after obs #1 (AMD/ARM),0.4912,False,False
ARM+DELL+ORCL,3,83,60,60,0.0692,-0.0620,0.2287,0.0437,0.0290,0.0052,0.6726,0.7953,0.7700,2.9715,3.3068,0.1162,0.1500,0.4816,-0.0388,0.1177,1.0977,0.8687,0.0404,0.0288,False,0.5880,0.4147,mid,0.1200,91.5127,64.3384,60.3263,,low corr (avg rho 0.41); cheap (CPN/IV < 0.20); below mid target 12%,px > LO PT (ARM); earnings <=3d after obs #1 (ARM),0.5171,False,False
MU+AMD+ARM,3,85,55,55,0.0647,-0.0538,0.2530,0.0395,0.0165,0.0036,0.6538,0.7800,0.7609,3.1185,3.3793,0.1172,0.1397,0.4329,-0.0339,0.1074,0.9338,0.9917,0.0385,0.0263,False,0.6029,0.5686,high-vol,0.1600,91.2984,63.6258,60.6472,,strong-day fix (AMD); cheap (CPN/IV < 0.20); below high-vol target 16%,px > LO PT (AMD/ARM); earnings <=3d after obs #1 (AMD/ARM),0.4997,False,False
ARM+DELL,2,85,60,60,0.0634,-0.0645,0.2345,0.0426,0.0180,0.0038,0.6658,0.7949,0.7777,2.9629,3.1857,0.1109,0.1327,0.4690,-0.0363,0.0997,0.8844,0.8025,0.0405,0.0229,False,0.6365,0.4145,high-vol,0.1600,90.8123,62.0390,60.3263,,cheap (CPN/IV < 0.20); below high-vol target 16%,px > LO PT (ARM); earnings <=3d after obs #1 (ARM),0.5468,False,False
AMD+ARM+DDOG,3,83,60,60,0.0621,-0.0693,0.2282,0.0438,0.0274,0.0036,0.6564,0.7890,0.7569,3.0348,3.4551,0.1187,0.1618,0.4630,-0.0392,0.1055,1.0966,0.8679,0.0395,0.0226,False,0.5886,0.2726,mid,0.1200,91.5046,64.3113,60.6472,,strong-day fix (AMD); low corr (avg rho 0.27); cheap (CPN/IV < 0.20); below mid target 12%,px > LO PT (AMD/ARM/DDOG); earnings <=3d after obs #1 (AMD/ARM/DDOG),0.4701,False,False
MU+AMAT+ARM,3,85,55,55,0.0614,-0.0576,0.2520,0.0397,0.0157,0.0028,0.6511,0.7789,0.7596,3.1364,3.3897,0.1175,0.1388,0.4317,-0.0347,0.1009,0.9251,0.9824,0.0383,0.0231,False,0.6085,0.5871,high-vol,0.1600,91.2166,63.3560,61.4598,,cheap (CPN/IV < 0.20); below high-vol target 16%,px > LO PT (ARM); earnings <=3d after obs #1 (ARM),0.5255,False,False
MU+ARM+BABA,3,85,60,60,0.0609,-0.0668,0.2348,0.0426,0.0267,0.0032,0.6550,0.7870,0.7587,3.0475,3.4223,0.1166,0.1513,0.4525,-0.0373,0.1096,1.0132,0.9193,0.0394,0.0216,False,0.5557,0.3252,mid,0.1200,91.9798,65.9192,61.4598,,low corr (avg rho 0.33); cheap (CPN/IV < 0.20); below mid target 12%,px > LO PT (ARM); earnings <=3d after obs #1 (ARM),0.5037,False,False
MU+AVGO+ARM,3,85,60,60,0.0601,-0.0689,0.2325,0.0430,0.0267,0.0030,0.6790,0.8015,0.7818,2.9138,3.1826,0.1095,0.1341,0.4602,-0.0358,0.1103,1.0334,0.9376,0.0412,0.0189,False,0.5448,0.5023,mid,0.1200,92.1365,66.4580,61.4598,,"overlaps live 18/06,04/09; cheap (CPN/IV < 0.20); below mid target 12%",px > LO PT (ARM); earnings <=3d after obs #1 (ARM),0.5302,False,False
AVGO+ARM+DELL,3,85,55,55,0.0593,-0.0636,0.2441,0.0410,0.0258,0.0025,0.6488,0.7803,0.7548,3.1232,3.4594,0.1177,0.1462,0.4423,-0.0366,0.1098,1.0431,1.1077,0.0384,0.0208,False,0.5397,0.4259,mid,0.1200,92.2102,66.7129,60.3263,,low corr (avg rho 0.43); cheap (CPN/IV < 0.20); below mid target 12%,px > LO PT (ARM); earnings <=3d after obs #1 (ARM),0.4975,False,False
MU+ARM+DELL,3,83,55,55,0.0587,-0.0695,0.2341,0.0427,0.0169,0.0027,0.6634,0.7890,0.7624,3.0364,3.3919,0.1159,0.1498,0.4567,-0.0381,0.0932,1.0258,0.9501,0.0395,0.0192,False,0.6292,0.4129,high-vol,0.1600,90.9179,62.3805,60.3263,,low corr (avg rho 0.41); cheap (CPN/IV < 0.20); below high-vol target 16%,px > LO PT (ARM); earnings <=3d after obs #1 (ARM),0.5037,False,False
ARM+PANW+DDOG,3,83,60,60,0.0584,-0.0742,0.2263,0.0442,0.0267,0.0028,0.6544,0.7879,0.7546,3.0437,3.4745,0.1180,0.1618,0.4649,-0.0401,0.1000,1.1056,0.8749,0.0394,0.0190,False,0.5838,0.2852,mid,0.1200,91.5730,64.5404,64.4549,,low corr (avg rho 0.29); cheap (CPN/IV < 0.20); below mid target 12%,px > LO PT (ARM/PANW/DDOG); earnings <=3d after obs #1 (ARM/DDOG),0.4981,False,False
ARM+DDOG+DIS,3,85,60,60,0.0583,-0.0706,0.2327,0.0430,0.0262,0.0026,0.6396,0.7808,0.7473,3.1037,3.5553,0.1176,0.1595,0.4554,-0.0385,0.1176,1.1363,1.0310,0.0387,0.0196,False,0.4955,0.0707,mid,0.1200,92.8486,68.9633,64.4549,,low corr (avg rho 0.07); cheap (CPN/IV < 0.20); below mid target 12%,px > LO PT (ARM/DDOG); earnings <=3d after obs #1 (ARM/DDOG),0.4962,False,False
MU+ARM,2,88,55,55,0.0579,-0.0557,0.2641,0.0379,0.0136,0.0015,0.6166,0.7597,0.7428,3.2991,3.5191,0.1195,0.1374,0.4212,-0.0344,0.0898,0.6874,0.9280,0.0364,0.0215,False,0.6442,0.4929,high-vol,0.1600,90.7018,61.6838,61.4598,,cheap (CPN/IV < 0.20); below high-vol target 16%,px > LO PT (ARM); earnings <=3d after obs #1 (ARM),0.4983,False,False
AMD+AMAT+ARM,3,85,55,55,0.0577,-0.0603,0.2542,0.0393,0.0248,0.0018,0.6542,0.7790,0.7618,3.1277,3.3623,0.1157,0.1355,0.4229,-0.0339,0.1000,0.9756,1.0360,0.0384,0.0193,False,0.5771,0.5861,mid,0.1200,91.6707,64.8687,60.6472,,strong-day fix (AMD); cheap (CPN/IV < 0.20); below mid target 12%,px > LO PT (AMD/ARM); earnings <=3d after obs #1 (AMD/ARM),0.4997,False,False
AVGO+ARM,2,90,60,60,0.0572,-0.0578,0.2607,0.0384,0.0242,0.0015,0.6224,0.7653,0.7495,3.2308,3.4278,0.1155,0.1299,0.4248,-0.0337,0.1123,0.7158,1.0018,0.0371,0.0201,False,0.5099,0.5063,mid,0.1200,92.6401,68.2201,64.4549,,cheap (CPN/IV < 0.20); below mid target 12%,px > LO PT (ARM); earnings <=3d after obs #1 (ARM),0.5163,False,False
ARM+ORCL+DDOG,3,83,60,60,0.0572,-0.0762,0.2248,0.0445,0.0265,0.0026,0.6586,0.7910,0.7578,3.0125,3.4439,0.1167,0.1611,0.4658,-0.0400,0.0988,1.1151,0.8825,0.0398,0.0174,False,0.5788,0.2844,mid,0.1200,91.6452,64.7830,64.4549,,low corr (avg rho 0.28); cheap (CPN/IV < 0.20); below mid target 12%,px > LO PT (ARM/DDOG); earnings <=3d after obs #1 (ARM/DDOG),0.5026,False,False
MU+AMAT+DELL,3,85,60,60,0.0571,-0.0684,0.2392,0.0418,0.0255,0.0021,0.6513,0.7825,0.7576,3.0903,3.4231,0.1190,0.1511,0.4393,-0.0376,0.0977,0.9645,0.8752,0.0388,0.0182,False,0.5837,0.4672,mid,0.1200,91.5752,64.5477,60.3263,,low corr (avg rho 0.47); cheap (CPN/IV < 0.20); below mid target 12%,,0.4929,False,False
AMD+ARM+DIS,3,88,55,55,0.0564,-0.0564,0.2660,0.0376,0.0237,0.0011,0.6151,0.7581,0.7306,3.3186,3.6850,0.1186,0.1421,0.4091,-0.0329,0.1179,0.9259,1.2500,0.0362,0.0202,False,0.4783,0.2442,mid,0.1200,93.0965,69.8572,60.6472,,strong-day fix (AMD); low corr (avg rho 0.24); cheap (CPN/IV < 0.20); below mid target 12%,px > LO PT (AMD/ARM); earnings <=3d after obs #1 (AMD/ARM),0.4480,False,False
NVDA+ARM+DELL,3,85,55,55,0.0559,-0.0684,0.2413,0.0414,0.0251,0.0018,0.6523,0.7829,0.7577,3.0920,3.4281,0.1149,0.1429,0.4439,-0.0366,0.1064,1.0718,1.1381,0.0388,0.0171,False,0.5253,0.3831,mid,0.1200,92.4181,67.4376,60.3263,,low corr (avg rho 0.38); cheap (CPN/IV < 0.20); below mid target 12%,px > LO PT (ARM); earnings <=3d after obs #1 (ARM),0.5032,False,False
MU+NVDA+ARM,3,85,60,60,0.0551,-0.0759,0.2289,0.0437,0.0257,0.0020,0.6828,0.8056,0.7853,2.8760,3.1469,0.1072,0.1316,0.4598,-0.0361,0.1039,1.0614,0.9631,0.0417,0.0134,False,0.5304,0.4623,mid,0.1200,92.3444,67.1799,61.4598,,low corr (avg rho 0.46); cheap (CPN/IV < 0.20); below mid target 12%,px > LO PT (ARM); earnings <=3d after obs #1 (ARM),0.5346,False,False
ARM+DELL+PDD,3,85,55,55,0.0547,-0.0706,0.2394,0.0418,0.0250,0.0015,0.6478,0.7816,0.7520,3.1008,3.4956,0.1149,0.1475,0.4448,-0.0370,0.1043,1.0736,1.1401,0.0387,0.0160,False,0.5244,0.2505,mid,0.1200,92.4314,67.4843,60.3263,,low corr (avg rho 0.25); cheap (CPN/IV < 0.20); below mid target 12%,px > LO PT (ARM); earnings <=3d after obs #1 (ARM),0.5002,False,False
AMAT+ARM+DELL,3,83,55,55,0.0544,-0.0730,0.2354,0.0425,0.0157,0.0016,0.6641,0.7884,0.7638,3.0410,3.3721,0.1148,0.1456,0.4472,-0.0375,0.0902,1.0697,0.9907,0.0395,0.0150,False,0.6034,0.4270,high-vol,0.1600,91.2902,63.5990,60.3263,,low corr (avg rho 0.43); cheap (CPN/IV < 0.20); below high-vol target 16%,px > LO PT (ARM); earnings <=3d after obs #1 (ARM),0.5047,False,False
AMAT+ARM+BABA,3,85,60,60,0.0542,-0.0728,0.2362,0.0423,0.0251,0.0015,0.6575,0.7880,0.7615,3.0377,3.3875,0.1151,0.1464,0.4364,-0.0365,0.1023,1.0625,0.9641,0.0395,0.0147,False,0.5299,0.3409,mid,0.1200,92.3521,67.2068,64.4549,,low corr (avg rho 0.34); cheap (CPN/IV < 0.20); below mid target 12%,px > LO PT (ARM); earnings <=3d after obs #1 (ARM),0.5052,False,False
AMAT+ARM+ADBE,3,85,60,60,0.0538,-0.0735,0.2357,0.0424,0.0250,0.0015,0.6350,0.7779,0.7402,3.1303,3.6295,0.1190,0.1647,0.4280,-0.0369,0.1014,1.0621,0.9637,0.0383,0.0154,False,0.5301,0.0219,mid,0.1200,92.3491,67.1964,64.4549,,low corr (avg rho 0.02); cheap (CPN/IV < 0.20); below mid target 12%,px > LO PT (ARM/ADBE); earnings <=3d after obs #1 (ARM),0.4857,False,False
MU+ARM+PDD,3,85,60,60,0.0536,-0.0777,0.2284,0.0438,0.0254,0.0017,0.6762,0.8017,0.7767,2.9073,3.2395,0.1088,0.1385,0.4554,-0.0365,0.1012,1.0633,0.9648,0.0413,0.0123,False,0.5295,0.2962,mid,0.1200,92.3577,67.2265,61.4598,,low corr (avg rho 0.30); cheap (CPN/IV < 0.20); below mid target 12%,px > LO PT (ARM); earnings <=3d after obs #1 (ARM),0.5272,False,False
AMD+ARM+ORCL,3,85,55,55,0.0528,-0.0683,0.2477,0.0404,0.0240,0.0008,0.6450,0.7764,0.7512,3.1490,3.4873,0.1167,0.1455,0.4242,-0.0356,0.0940,1.0023,1.0644,0.0381,0.0147,False,0.5617,0.4526,mid,0.1200,91.8931,65.6228,60.6472,,strong-day fix (AMD); low corr (avg rho 0.45); cheap (CPN/IV < 0.20); below mid target 12%,px > LO PT (AMD/ARM); earnings <=3d after obs #1 (AMD/ARM),0.4612,False,False
AMD+ARM+BABA,3,85,60,60,0.0522,-0.0768,0.2326,0.0430,0.0248,0.0012,0.6716,0.7973,0.7732,2.9467,3.2645,0.1099,0.1384,0.4411,-0.0356,0.0996,1.0740,0.9745,0.0407,0.0115,False,0.5242,0.3923,mid,0.1200,92.4339,67.4931,60.6472,,strong-day fix (AMD); low corr (avg rho 0.39); cheap (CPN/IV < 0.20); below mid target 12%,px > LO PT (AMD/ARM); earnings <=3d after obs #1 (AMD/ARM),0.4917,False,False
ARM+PDD+BABA,3,88,60,60,0.0522,-0.0691,0.2475,0.0404,0.0238,0.0006,0.6238,0.7675,0.7351,3.2309,3.6430,0.1193,0.1532,0.4222,-0.0363,0.1157,0.9823,1.1332,0.0371,0.0150,False,0.4508,0.3522,mid,0.1200,93.4933,71.3126,64.4549,,low corr (avg rho 0.35); cheap (CPN/IV < 0.20); below mid target 12%,px > LO PT (ARM); earnings <=3d after obs #1 (ARM),0.4823,False,False
MU+DELL,2,88,60,60,0.0521,-0.0679,0.2500,0.0400,0.0136,0.0005,0.6180,0.7663,0.7433,3.2259,3.5192,0.1191,0.1455,0.4248,-0.0366,0.0858,0.7296,0.8417,0.0372,0.0149,False,0.6069,0.3314,high-vol,0.1600,91.2397,63.4323,60.3263,,cheap (CPN/IV < 0.20); below high-vol target 16%,,0.4998,False,False
PANW+DDOG+DIS,3,88,65,65,0.0518,-0.0704,0.2456,0.0407,0.0238,0.0006,0.6408,0.7800,0.7517,3.1029,3.4792,0.1167,0.1489,0.4108,-0.0345,0.1179,1.0075,0.9801,0.0387,0.0131,False,0.4395,0.2090,mid,0.1200,93.6561,71.9184,66.9368,,low corr (avg rho 0.21); cheap (CPN/IV < 0.20); below mid target 12%,px > LO PT (PANW/DDOG); earnings <=3d after obs #1 (DDOG),0.4982,False,False
AMD+ARM+ADBE,3,85,60,60,0.0518,-0.0774,0.2321,0.0431,0.0248,0.0011,0.6495,0.7879,0.7528,3.0372,3.4983,0.1134,0.1560,0.4335,-0.0361,0.0987,1.0736,0.9741,0.0395,0.0123,False,0.5244,0.0982,mid,0.1200,92.4309,67.4826,60.6472,,strong-day fix (AMD); low corr (avg rho 0.10); cheap (CPN/IV < 0.20); below mid target 12%,px > LO PT (AMD/ARM/ADBE); earnings <=3d after obs #1 (AMD/ARM),0.4731,False,False
AVGO+AMAT+ARM,3,85,60,60,0.0517,-0.0768,0.2334,0.0428,0.0247,0.0011,0.6839,0.8022,0.7848,2.9058,3.1403,0.1073,0.1291,0.4434,-0.0351,0.0996,1.0847,0.9842,0.0413,0.0104,False,0.5190,0.5254,mid,0.1200,92.5088,67.7561,64.4549,,cheap (CPN/IV < 0.20); below mid target 12%,px > LO PT (ARM); earnings <=3d after obs #1 (ARM),0.5626,False,False
NVDA+ARM+BABA,3,88,60,60,0.0515,-0.0696,0.2476,0.0404,0.0236,0.0005,0.6235,0.7653,0.7351,3.2360,3.6381,0.1197,0.1525,0.4218,-0.0366,0.1141,0.9803,1.1308,0.0371,0.0145,False,0.4517,0.3532,mid,0.1200,93.4800,71.2632,64.4549,,low corr (avg rho 0.35); cheap (CPN/IV < 0.20); below mid target 12%,px > LO PT (ARM); earnings <=3d after obs #1 (ARM),0.4804,False,False
ARM+DELL+BABA,3,83,60,60,0.0508,-0.0872,0.2174,0.0460,0.0256,0.0015,0.6885,0.8091,0.7826,2.8404,3.1943,0.1068,0.1418,0.4740,-0.0386,0.0923,1.1724,0.9278,0.0422,0.0086,False,0.5505,0.2647,mid,0.1200,92.0535,66.1720,60.3263,,low corr (avg rho 0.26); cheap (CPN/IV < 0.20); below mid target 12%,px > LO PT (ARM); earnings <=3d after obs #1 (ARM),0.5348,False,False
ARM+DELL+ADBE,3,83,60,60,0.0505,-0.0877,0.2171,0.0461,0.0255,0.0014,0.6789,0.8055,0.7732,2.8722,3.3024,0.1079,0.1510,0.4711,-0.0387,0.0917,1.1720,0.9275,0.0418,0.0087,False,0.5508,0.1075,mid,0.1200,92.0505,66.1618,60.3263,,low corr (avg rho 0.11); cheap (CPN/IV < 0.20); below mid target 12%,px > LO PT (ARM/ADBE); earnings <=3d after obs #1 (ARM),0.5277,False,False
ORCL+PANW+DDOG,3,85,65,65,0.0504,-0.0807,0.2287,0.0437,0.0247,0.0010,0.6718,0.7971,0.7713,2.9449,3.2830,0.1133,0.1477,0.4409,-0.0376,0.0965,1.0767,0.8238,0.0407,0.0097,False,0.5229,0.4146,mid,0.1200,92.4527,67.5590,66.9368,,low corr (avg rho 0.41); cheap (CPN/IV < 0.20); below mid target 12%,px > LO PT (PANW/DDOG); earnings <=3d after obs #1 (DDOG),0.5150,False,False
MU+ARM+PANW,3,83,60,60,0.0503,-0.0859,0.2202,0.0454,0.0253,0.0013,0.6728,0.7992,0.7682,2.9302,3.3409,0.1116,0.1538,0.4630,-0.0394,0.0842,1.0791,0.8540,0.0410,0.0094,False,0.5981,0.2596,mid,0.1200,91.3668,63.8524,61.4598,,low corr (avg rho 0.26); cheap (CPN/IV < 0.20); below mid target 12%,px > LO PT (ARM/PANW); earnings <=3d after obs #1 (ARM),0.5146,False,False
MU+ARM+DIS,3,85,60,60,0.0503,-0.0822,0.2263,0.0442,0.0248,0.0010,0.6849,0.8075,0.7863,2.8518,3.1454,0.1051,0.1304,0.4570,-0.0361,0.0987,1.1044,1.0021,0.0421,0.0082,False,0.5097,0.1589,mid,0.1200,92.6424,68.2282,61.4598,,low corr (avg rho 0.16); cheap (CPN/IV < 0.20); below mid target 12%,px > LO PT (ARM); earnings <=3d after obs #1 (ARM),0.5378,False,False
