0,1,2,3,4,5,6
28 May 2026,31 Mar 2026,Final Dividend,15 Jun 2026,26 Jun 2026,0.2250,Currency
26 Nov 2025,31 Mar 2026,Interim Dividend,10 Dec 2025,30 Dec 2025,0.1250,Currency
26 May 2025,31 Mar 2025,Final Dividend,18 Jun 2025,08 Jul 2025,0.1990,Currency
27 Nov 2024,31 Mar 2025,Interim Dividend,12 Dec 2024,30 Dec 2024,0.1030,Currency
27 May 2024,31 Mar 2024,Final Dividend,20 Jun 2024,11 Jul 2024,0.1660,Currency
22 Nov 2023,31 Mar 2024,Interim Dividend,12 Dec 2023,08 Jan 2024,0.0600,Currency
29 May 2023,31 Mar 2023,Final Dividend,14 Jun 2023,07 Jul 2023,0.1230,Currency
30 Nov 2022,31 Mar 2023,Interim Dividend,14 Dec 2022,28 Dec 2022,0.0600,Currency
03 Jun 2022,31 Mar 2022,Final Dividend,20 Jun 2022,06 Jul 2022,0.0500,Currency
29 Jun 2020,31 Mar 2020,Final Dividend,16 Jul 2020,30 Jul 2020,0.0730,Currency
29 Nov 2019,31 Mar 2020,Interim Dividend,13 Dec 2019,27 Dec 2019,0.0600,Currency
12 Jun 2019,31 Mar 2019,Final Dividend,25 Jun 2019,05 Jul 2019,0.1500,Currency
22 Nov 2018,31 Mar 2019,Interim Dividend,13 Dec 2018,28 Dec 2018,0.0500,Currency
28 Jun 2018,31 Mar 2018,Final Dividend,09 Aug 2018,28 Aug 2018,0.1000,Currency
28 Nov 2017,31 Mar 2018,Interim Dividend,13 Dec 2017,28 Dec 2017,0.0500,Currency
29 Jun 2017,31 Mar 2017,Final Dividend,04 Aug 2017,22 Aug 2017,0.1260,Currency
23 Nov 2016,31 Mar 2017,Interim Dividend,06 Dec 2016,22 Dec 2016,5.0000,Percentage
26 Jul 2016,31 Mar 2016,Final Dividend,24 Aug 2016,09 Sep 2016,10.5000,Percentage
19 Nov 2015,31 Mar 2016,Interim Dividend,02 Dec 2015,18 Dec 2015,5.0000,Percentage
29 Jul 2015,31 Mar 2015,Final Dividend,26 Aug 2015,11 Sep 2015,15.3000,Percentage
19 Nov 2014,31 Mar 2015,Interim Dividend,02 Dec 2014,16 Dec 2014,12.0000,Percentage
25 Jul 2014,31 Mar 2014,Final Dividend,27 Aug 2014,12 Sep 2014,16.9000,Percentage
14 Nov 2013,31 Mar 2014,Interim Dividend,27 Nov 2013,12 Dec 2013,7.2000,Percentage
30 Jul 2013,31 Mar 2013,Final Dividend,28 Aug 2013,12 Sep 2013,15.0000,Percentage
08 Nov 2012,31 Mar 2013,Interim Dividend,23 Nov 2012,10 Dec 2012,7.0000,Percentage
23 Jul 2012,31 Mar 2012,Final Dividend,22 Aug 2012,10 Sep 2012,13.5000,Percentage
16 Nov 2011,31 Mar 2012,Interim Dividend,30 Nov 2011,15 Dec 2011,6.6000,Percentage
26 Jul 2011,31 Mar 2011,Final Dividend,23 Aug 2011,08 Sep 2011,12.0000,Percentage
12 Nov 2010,31 Mar 2011,Interim Dividend,26 Nov 2010,15 Dec 2010,6.0000,Percentage
10 Aug 2010,31 Mar 2010,First and Final Dividend,07 Sep 2010,24 Sep 2010,10.5000,Percentage
21 Jul 2009,31 Mar 2009,First and Final Dividend,19 Aug 2009,04 Sep 2009,8.0000,Percentage
03 Sep 2008,31 Mar 2008,First and Final Dividend,03 Oct 2008,21 Oct 2008,6.0000,Percentage
03 Sep 2007,31 Mar 2007,First and Final Dividend,02 Oct 2007,19 Oct 2007,5.0000,Percentage
17 Jul 2006,31 Mar 2006,First and Final Dividend,16 Aug 2006,05 Sep 2006,5.0000,Percentage
30 Aug 2005,31 Mar 2005,First and Final Dividend,29 Sep 2005,17 Oct 2005,4.0000,Percentage
01 Sep 2004,31 Mar 2004,First and Final Dividend,04 Oct 2004,21 Oct 2004,4.0000,Percentage
28 Aug 2003,31 Mar 2003,First and Final Dividend,26 Sep 2003,15 Oct 2003,5.0000,Percentage
29 Aug 2002,31 Mar 2002,First and Final Dividend,03 Oct 2002,22 Oct 2002,5.0000,Percentage
30 Aug 2001,31 Mar 2001,First and Final Dividend,01 Oct 2001,19 Oct 2001,5.0000,Percentage
