date,10Y,3Y,5Y,7Y,20Y
2004-01-31,,,,,
2004-02-29,,,,,
2004-03-31,,,,,
2004-04-30,,,,,
2004-05-31,,,,,
2004-06-30,,,,,
2004-07-31,,,,,
2004-08-31,,,,,
2004-09-30,,,,,
2004-10-31,,,,,
2004-11-30,,,,,
2004-12-31,,,,,
2005-01-31,,,,,
2005-02-28,,,,,
2005-03-31,,,,,
2005-04-30,,,,,
2005-05-31,,,,,
2005-06-30,,,,,
2005-07-31,,,,,
2005-08-31,,,,,
2005-09-30,,,,,
2005-10-31,,,,,
2005-11-30,,,,,
2005-12-31,,,,,
2006-01-31,,,,,
2006-02-28,,,,,
2006-03-31,,,,,
2006-04-30,,,,,
2006-05-31,,,,,
2006-06-30,,,,,
2006-07-31,,,,,
2006-08-31,,,,,
2006-09-29,4.17,3.93,3.95,,
2006-10-31,3.95,3.73,3.79,,
2006-11-30,3.78,3.64,3.7,,
2006-12-27,3.77,,3.71,,
2007-01-31,3.87,3.73,3.8,,
2007-02-28,3.76,3.6,3.63,,
2007-03-30,3.49,3.42,3.43,,
2007-04-30,3.48,3.42,,,
2007-05-29,3.2,3.2,3.2,,
2007-06-29,3.5,3.29,3.41,,
2007-07-31,3.64,3.46,3.47,,
2007-08-30,3.71,3.58,3.63,,
2007-09-28,3.68,3.55,3.58,,
2007-10-31,3.71,3.58,3.56,,
2007-11-30,3.98,3.65,3.73,,
2007-12-31,4.13,3.62,,,
2008-01-31,3.64,3.4,3.47,,
2008-02-29,3.68,3.43,3.53,,
2008-03-31,3.79,3.43,,,
2008-04-30,3.75,3.47,,,
2008-05-30,3.99,3.62,3.82,,
2008-06-30,4.77,4.26,4.17,,
2008-07-31,4.84,3.89,,,
2008-08-29,4.72,3.92,,,
2008-09-30,4.57,3.87,,,
2008-10-31,4.35,3.77,4.16,,
2008-11-28,3.67,3.23,3.37,,
2008-12-31,3.17,2.89,2.96,,
2009-01-30,3.07,2.55,2.79,,
2009-02-27,4.07,2.86,3.34,,
2009-03-30,3.85,2.9,3.45,,
2009-04-30,3.96,2.83,3.57,,
2009-05-29,4.27,2.82,3.56,,
2009-06-30,4.34,2.96,3.82,,
2009-07-31,4.26,2.88,3.68,,
2009-08-28,4.13,2.87,,,
2009-09-30,4.18,2.88,3.74,,
2009-10-29,4.28,2.95,3.92,,
2009-11-30,4.18,2.93,3.71,,
2009-12-31,4.25,3.24,3.79,,
2010-01-29,4.27,3.34,3.75,,
2010-02-25,4.26,3.34,3.82,,
2010-03-31,4.16,3.26,3.74,3.94,
2010-04-30,4.06,,3.62,3.8,
2010-05-31,4.03,3.21,3.59,3.79,
2010-06-30,3.91,3.15,3.52,3.75,
2010-07-30,3.87,3.15,3.37,3.69,
2010-08-30,3.69,3.14,3.37,3.6,
2010-09-30,3.62,3.15,3.24,3.49,
2010-10-29,3.82,3.28,3.41,3.72,
2010-11-30,3.79,3.12,3.3,3.63,
2010-12-30,4.0,3.11,3.34,3.7,
2011-01-31,4.02,3.21,3.39,3.69,
2011-02-28,4.05,3.35,3.4,,
2011-03-31,4.1,3.46,3.6,3.84,
2011-04-29,3.97,3.29,3.55,3.72,
2011-05-31,4.0,3.3,3.56,3.78,
2011-06-30,3.93,3.24,3.51,3.72,
2011-07-29,3.86,3.21,3.48,3.7,4.17
2011-08-29,3.63,3.11,3.39,3.54,4.05
2011-09-30,3.69,3.2,3.4,3.54,4.13
2011-10-31,3.75,3.12,3.32,3.55,4.16
2011-11-30,3.7,3.07,3.29,3.56,
2011-12-30,3.69,2.98,3.22,3.49,
2012-01-31,3.56,2.89,3.16,3.36,4.01
2012-02-29,3.45,2.93,3.2,3.36,3.87
2012-03-30,3.63,3.1,3.28,3.53,
2012-04-30,3.51,3.18,,3.39,4.11
2012-05-31,3.54,3.16,3.26,3.43,4.06
2012-06-29,3.47,3.04,3.17,3.34,3.98
2012-07-31,3.4,3.06,3.22,3.34,3.72
2012-08-30,3.47,3.05,3.25,3.38,
2012-09-28,3.52,3.14,3.33,3.51,
2012-10-31,3.46,3.05,3.2,3.4,3.87
2012-11-30,3.51,3.09,3.26,3.44,3.91
2012-12-31,3.48,2.99,3.23,3.43,3.83
2013-01-31,3.54,3.12,3.21,3.45,3.93
2013-02-28,3.47,,3.21,3.41,3.93
2013-03-29,3.45,3.01,3.19,3.38,3.89
2013-04-30,3.36,2.94,3.14,3.32,3.81
2013-05-31,3.41,3.16,3.28,3.4,3.74
2013-06-28,3.58,3.28,3.4,,3.95
2013-07-31,4.13,3.5,,4.01,
2013-08-30,4.01,3.44,3.65,3.89,
2013-09-30,3.77,3.39,3.56,3.7,4.29
2013-10-31,3.59,,3.39,,
2013-11-29,4.07,,3.61,4.04,
2013-12-31,4.11,3.35,3.68,3.97,
2014-01-30,4.23,3.26,3.68,4.1,
2014-02-28,4.11,3.27,3.57,3.91,
2014-03-31,4.11,3.4,3.61,4.01,
2014-04-30,4.07,3.38,3.64,3.92,4.52
2014-05-30,4.03,3.45,3.72,3.94,4.59
2014-06-30,4.03,3.5,3.73,3.92,4.4
2014-07-31,3.88,3.47,3.66,3.75,
2014-08-29,3.91,3.5,3.68,3.81,4.28
2014-09-30,3.91,3.45,3.68,3.8,
2014-10-31,3.85,3.5,3.63,3.77,4.24
2014-11-28,3.85,3.58,3.73,,4.21
2014-12-31,4.08,3.63,3.83,4.06,
2015-01-30,3.8,3.52,3.67,3.76,4.24
2015-02-27,3.87,3.43,3.62,3.76,4.3
2015-03-30,3.9,3.35,3.59,3.79,
2015-04-30,3.85,3.27,3.59,3.75,
2015-05-29,3.91,3.3,,3.81,4.26
2015-06-30,4.01,3.22,3.6,3.95,
2015-07-31,4.06,3.22,3.62,3.95,4.32
2015-08-28,4.39,3.31,3.93,4.31,
2015-09-30,4.14,3.72,3.82,4.11,4.64
2015-10-30,4.37,3.59,3.72,4.07,
2015-11-30,4.2,3.42,3.7,4.08,
2015-12-31,4.19,3.29,3.43,4.04,
2016-01-29,3.85,3.21,3.34,3.61,
2016-02-29,3.92,3.31,3.52,3.75,
2016-03-31,3.78,3.21,3.4,3.7,4.31
2016-04-29,3.88,,3.5,3.79,4.29
2016-05-31,3.92,3.25,3.6,3.86,4.31
2016-06-30,3.75,3.14,3.36,3.6,4.26
2016-07-29,3.6,2.92,3.19,3.38,4.14
2016-08-30,3.59,2.88,,3.46,4.12
2016-09-30,3.55,,3.23,3.42,4.11
2016-10-31,3.61,2.94,,3.51,4.3
2016-11-30,4.35,3.85,4.03,4.15,4.75
2016-12-30,4.22,3.52,3.7,4.13,
2017-01-31,4.14,3.26,3.59,3.93,4.6
2017-02-28,4.04,3.3,3.71,3.94,4.62
2017-03-31,4.13,3.53,3.81,4.04,4.65
2017-04-28,4.05,3.21,3.68,3.9,4.68
2017-05-31,3.87,3.29,3.56,3.81,4.54
2017-06-30,3.91,3.39,3.62,3.9,4.56
2017-07-31,3.99,3.3,3.7,3.91,4.56
2017-08-30,3.89,3.36,,3.85,4.53
2017-09-29,3.92,3.39,3.57,3.84,4.51
2017-10-31,3.94,3.45,3.67,3.94,4.66
2017-11-30,3.89,3.4,3.6,3.91,4.6
2017-12-29,3.91,3.32,3.53,3.88,4.54
2018-01-30,3.96,,3.64,3.93,4.61
2018-02-28,4.01,3.4,3.62,3.95,4.61
2018-03-30,3.94,3.45,3.54,3.83,4.54
2018-04-30,4.13,3.65,3.77,3.96,4.78
2018-05-31,4.18,3.79,3.84,4.02,4.91
2018-06-29,4.2,3.62,,4.06,4.87
2018-07-31,4.07,3.57,3.75,3.97,4.77
2018-08-30,4.04,3.48,3.7,3.93,4.67
2018-09-28,4.07,3.61,3.75,3.95,
2018-10-31,4.08,3.67,3.79,4.01,4.78
2018-11-30,4.12,3.69,3.86,4.05,4.75
2018-12-31,4.07,3.62,3.76,3.99,
2019-01-31,4.06,3.58,3.76,3.9,4.56
2019-02-28,3.89,3.56,3.71,3.87,4.49
2019-03-29,3.77,3.38,3.53,3.72,4.28
2019-04-30,3.79,3.41,3.59,3.77,4.34
2019-05-31,3.78,3.4,3.53,3.67,4.29
2019-06-28,3.63,3.29,3.42,3.55,4.06
2019-07-31,3.57,3.26,3.43,3.55,3.97
2019-08-30,3.32,3.12,3.23,3.27,3.55
2019-09-30,3.32,3.12,3.24,3.32,3.63
2019-10-31,3.41,3.15,3.33,3.39,3.92
2019-11-29,3.42,3.05,3.18,3.32,3.76
2019-12-31,3.3,,3.15,,
2020-01-31,3.13,2.86,2.95,3.09,3.42
2020-02-28,2.82,2.61,2.63,2.75,3.22
2020-03-31,3.35,2.75,3.07,3.23,3.71
2020-04-30,2.89,2.4,2.51,2.67,3.38
2020-05-29,2.8,2.27,2.47,2.62,3.35
2020-06-30,2.86,2.24,2.46,2.66,3.62
2020-07-30,2.55,1.9,2.11,2.25,3.18
2020-08-28,2.6,1.83,2.1,2.28,3.46
2020-09-30,2.67,1.99,2.24,2.43,3.32
2020-10-30,2.62,1.75,2.0,2.34,3.45
2020-11-30,2.75,1.91,2.2,2.57,3.74
2020-12-31,2.65,1.87,2.1,2.39,3.37
2021-01-29,2.7,1.84,2.05,2.46,3.54
2021-02-26,3.08,1.98,2.32,2.85,3.97
2021-03-31,3.24,2.13,2.66,3.08,
2021-04-30,3.11,2.34,2.53,2.98,
2021-05-31,3.23,2.31,2.59,3.02,
2021-06-30,3.28,2.27,2.54,3.0,
2021-07-30,3.17,2.28,2.62,3.02,
2021-08-30,3.19,2.34,2.68,3.04,
2021-09-30,3.37,2.44,2.92,3.3,
2021-10-29,3.58,2.68,3.24,3.48,
2021-11-30,3.51,2.67,3.12,3.4,
2021-12-31,3.6,2.81,3.16,3.39,
2022-01-31,3.68,2.81,3.26,3.52,
2022-02-28,3.67,2.71,3.29,3.59,
2022-03-31,3.85,3.19,3.4,3.76,
2022-04-29,4.38,3.49,3.89,4.43,
2022-05-31,4.17,3.46,3.74,4.04,
2022-06-30,4.26,3.51,3.96,4.21,
2022-07-29,3.88,3.5,3.71,3.84,
2022-08-30,3.98,3.34,3.72,3.88,
2022-09-30,4.41,3.77,4.04,4.22,
2022-10-31,4.37,3.79,4.17,4.26,
2022-11-30,4.11,3.81,3.93,4.07,
2022-12-30,4.07,3.67,3.84,4.03,
2023-01-31,3.8,3.39,3.55,3.69,
2023-02-28,3.91,3.52,3.67,3.79,
2023-03-31,3.91,3.38,3.55,3.74,
2023-04-28,3.73,3.31,3.43,3.64,
2023-05-31,3.7,3.4,3.47,3.61,
2023-06-30,3.85,3.5,3.6,3.73,
2023-07-31,3.84,3.49,3.6,3.76,
2023-08-30,3.84,3.45,3.59,3.74,
2023-09-29,3.97,3.55,3.68,3.89,
2023-10-31,4.11,3.65,3.86,4.06,
2023-11-30,3.81,3.47,3.61,3.82,
2023-12-29,3.74,3.49,3.58,3.71,
2024-01-31,3.79,3.35,3.55,3.72,
2024-02-29,3.86,3.49,3.58,3.78,
2024-03-29,3.85,3.5,3.59,3.77,
2024-04-30,3.97,3.61,3.78,3.89,
2024-05-31,3.89,3.58,3.69,3.85,
2024-06-28,3.86,3.52,3.64,3.79,
2024-07-31,3.72,3.35,3.52,3.67,
2024-08-30,3.76,3.35,3.51,3.7,
2024-09-30,3.71,3.33,3.5,3.68,
2024-10-30,3.92,3.53,3.67,3.9,
2024-11-29,3.81,3.46,3.58,3.75,
2024-12-31,3.82,3.48,3.62,3.77,
2025-01-31,3.81,3.45,3.62,3.78,
2025-02-28,3.79,3.43,3.58,3.76,
2025-03-28,3.77,3.38,3.56,3.72,
2025-04-30,3.66,3.26,3.34,3.55,
2025-05-30,3.52,3.16,3.21,3.39,
2025-06-30,3.47,3.15,3.2,3.41,
2025-07-31,3.37,3.05,3.15,3.34,
2025-08-29,3.39,3.0,3.08,3.3,
2025-09-30,3.45,3.11,3.21,3.42,
2025-10-31,3.49,3.13,3.25,3.44,
2025-11-28,3.47,3.04,3.24,3.45,
2025-12-31,3.49,3.0,3.26,3.37,
2026-01-30,3.5,3.0,3.27,3.43,
2026-02-27,3.48,3.03,3.31,3.4,
2026-03-31,3.63,3.26,3.43,3.55,
2026-04-30,3.57,3.21,3.35,3.44,
2026-05-29,3.56,3.23,3.4,3.51,
2026-06-30,3.6,3.25,3.37,3.53,
2026-07-31,3.7,3.3,3.49,3.65,
2026-08-28,3.87,3.36,3.61,3.8,
2026-09-29,4.09,3.45,3.81,4.04,
