req,trading_date,10Y,3Y,5Y,7Y
2025-01-01,BOND MARKET INDICATORS,,,,
2025-01-02,BOND MARKET INDICATORS,3.82,3.47,3.61,3.77
2025-01-03,BOND MARKET INDICATORS,3.81,3.44,3.6,3.77
2025-01-06,BOND MARKET INDICATORS,3.82,3.44,3.61,3.79
2025-01-07,BOND MARKET INDICATORS,3.82,3.44,3.6,3.77
2025-01-08,BOND MARKET INDICATORS,3.82,3.46,3.6,3.79
2025-01-09,BOND MARKET INDICATORS,3.82,3.44,3.61,3.79
2025-01-10,BOND MARKET INDICATORS,3.82,3.45,3.61,3.79
2025-01-13,BOND MARKET INDICATORS,3.84,3.48,3.63,3.81
2025-01-14,BOND MARKET INDICATORS,3.83,3.48,3.63,3.8
2025-01-15,BOND MARKET INDICATORS,3.82,3.47,3.62,3.8
2025-01-16,BOND MARKET INDICATORS,3.82,3.45,3.61,3.79
2025-01-17,BOND MARKET INDICATORS,3.82,3.46,3.62,3.79
2025-01-20,BOND MARKET INDICATORS,3.82,3.45,3.61,3.79
2025-01-21,BOND MARKET INDICATORS,3.82,3.43,3.61,3.79
2025-01-22,BOND MARKET INDICATORS,3.8,3.43,3.6,3.78
2025-01-23,BOND MARKET INDICATORS,3.81,3.43,3.61,3.78
2025-01-24,BOND MARKET INDICATORS,3.81,3.42,3.61,3.78
2025-01-27,BOND MARKET INDICATORS,3.8,3.43,3.6,3.77
2025-01-28,BOND MARKET INDICATORS,3.8,3.44,3.61,3.77
2025-01-29,BOND MARKET INDICATORS,,,,
2025-01-30,BOND MARKET INDICATORS,,,,
2025-01-31,BOND MARKET INDICATORS,3.81,3.45,3.62,3.78
2025-02-03,BOND MARKET INDICATORS,3.81,3.48,3.63,3.79
2025-02-04,BOND MARKET INDICATORS,3.82,3.46,3.63,3.79
2025-02-05,BOND MARKET INDICATORS,3.81,3.45,3.61,3.78
2025-02-06,BOND MARKET INDICATORS,3.8,3.44,3.61,3.78
2025-02-07,BOND MARKET INDICATORS,3.81,3.44,3.62,3.77
2025-02-10,BOND MARKET INDICATORS,3.82,3.44,3.62,3.78
2025-02-11,BOND MARKET INDICATORS,,,,
2025-02-12,BOND MARKET INDICATORS,3.82,3.44,3.63,3.79
2025-02-13,BOND MARKET INDICATORS,3.82,,3.63,3.78
2025-02-14,BOND MARKET INDICATORS,3.8,3.45,3.63,3.77
2025-02-17,BOND MARKET INDICATORS,3.79,3.45,3.61,3.77
2025-02-18,BOND MARKET INDICATORS,3.78,3.44,3.61,3.77
2025-02-19,BOND MARKET INDICATORS,3.8,3.45,3.6,3.76
2025-02-20,BOND MARKET INDICATORS,3.8,3.45,3.6,3.76
2025-02-21,BOND MARKET INDICATORS,3.8,3.45,3.59,3.76
2025-02-24,BOND MARKET INDICATORS,3.79,3.45,3.59,3.8
2025-02-25,BOND MARKET INDICATORS,3.78,3.44,3.59,3.76
2025-02-26,BOND MARKET INDICATORS,3.79,3.43,3.59,3.75
2025-02-27,BOND MARKET INDICATORS,3.78,3.43,3.59,3.75
2025-02-28,BOND MARKET INDICATORS,3.79,3.43,3.58,3.76
2025-03-03,BOND MARKET INDICATORS,3.79,3.43,3.59,3.75
2025-03-04,BOND MARKET INDICATORS,3.77,3.42,3.59,3.74
2025-03-05,BOND MARKET INDICATORS,3.77,3.41,3.58,3.72
2025-03-06,BOND MARKET INDICATORS,3.77,3.44,3.59,3.73
2025-03-07,BOND MARKET INDICATORS,3.77,3.4,3.58,3.72
2025-03-10,BOND MARKET INDICATORS,3.77,3.4,3.57,3.72
2025-03-11,BOND MARKET INDICATORS,3.76,3.4,3.57,3.71
2025-03-12,BOND MARKET INDICATORS,3.76,3.39,3.56,3.72
2025-03-13,BOND MARKET INDICATORS,3.76,3.39,3.57,3.71
2025-03-14,BOND MARKET INDICATORS,3.76,3.39,3.56,3.71
2025-03-17,BOND MARKET INDICATORS,3.76,3.36,3.56,3.7
2025-03-18,BOND MARKET INDICATORS,,,,
2025-03-19,BOND MARKET INDICATORS,3.75,3.33,3.54,3.69
2025-03-20,BOND MARKET INDICATORS,3.74,3.36,3.54,3.68
2025-03-21,BOND MARKET INDICATORS,3.73,3.35,3.54,3.68
2025-03-24,BOND MARKET INDICATORS,3.75,3.37,3.54,3.7
2025-03-25,BOND MARKET INDICATORS,3.75,3.39,3.54,3.7
2025-03-26,BOND MARKET INDICATORS,3.76,3.39,3.55,3.7
2025-03-27,BOND MARKET INDICATORS,3.78,3.39,3.56,3.71
2025-03-28,BOND MARKET INDICATORS,3.77,3.38,3.56,3.72
2025-03-31,BOND MARKET INDICATORS,,,,
2025-04-01,BOND MARKET INDICATORS,,,,
2025-04-02,BOND MARKET INDICATORS,3.76,3.37,3.55,3.7
2025-04-03,BOND MARKET INDICATORS,3.73,3.33,3.52,3.68
2025-04-04,BOND MARKET INDICATORS,3.67,3.28,3.41,3.56
2025-04-07,BOND MARKET INDICATORS,3.66,3.28,3.37,3.5
2025-04-08,BOND MARKET INDICATORS,3.69,3.33,3.42,3.56
2025-04-09,BOND MARKET INDICATORS,3.77,3.36,3.47,3.67
2025-04-10,BOND MARKET INDICATORS,3.71,3.38,3.43,3.65
2025-04-11,BOND MARKET INDICATORS,3.74,3.39,3.51,3.67
2025-04-14,BOND MARKET INDICATORS,3.74,3.38,3.49,3.65
2025-04-15,BOND MARKET INDICATORS,3.72,3.4,3.46,3.63
2025-04-16,BOND MARKET INDICATORS,3.72,3.4,3.47,3.64
2025-04-17,BOND MARKET INDICATORS,3.71,3.37,3.46,3.62
2025-04-18,BOND MARKET INDICATORS,3.69,3.34,3.42,3.61
2025-04-21,BOND MARKET INDICATORS,3.64,3.31,3.37,3.54
2025-04-22,BOND MARKET INDICATORS,3.67,3.34,3.41,3.57
2025-04-23,BOND MARKET INDICATORS,3.67,3.29,3.39,3.56
2025-04-24,BOND MARKET INDICATORS,3.68,3.27,3.37,3.56
2025-04-25,BOND MARKET INDICATORS,3.66,3.26,3.35,3.55
2025-04-28,BOND MARKET INDICATORS,,,,
2025-04-29,BOND MARKET INDICATORS,3.65,3.26,3.35,3.53
2025-04-30,BOND MARKET INDICATORS,3.66,3.26,3.34,3.55
2025-05-01,BOND MARKET INDICATORS,,,,
2025-05-02,BOND MARKET INDICATORS,3.67,3.24,3.34,3.57
2025-05-05,BOND MARKET INDICATORS,3.67,3.25,3.37,3.56
2025-05-06,BOND MARKET INDICATORS,3.65,3.23,3.32,3.54
2025-05-07,BOND MARKET INDICATORS,3.66,3.2,3.3,3.53
2025-05-08,BOND MARKET INDICATORS,3.65,3.18,3.29,3.53
2025-05-09,BOND MARKET INDICATORS,3.53,3.16,3.26,3.41
2025-05-12,BOND MARKET INDICATORS,,,,
2025-05-13,BOND MARKET INDICATORS,3.59,3.2,3.29,3.49
2025-05-14,BOND MARKET INDICATORS,3.58,3.22,3.33,3.49
2025-05-15,BOND MARKET INDICATORS,3.6,3.2,3.33,3.49
2025-05-16,BOND MARKET INDICATORS,3.61,3.17,3.27,3.5
2025-05-19,BOND MARKET INDICATORS,3.62,3.18,3.3,3.48
2025-05-20,BOND MARKET INDICATORS,3.59,3.18,,3.46
2025-05-21,BOND MARKET INDICATORS,3.59,3.19,,3.46
2025-05-22,BOND MARKET INDICATORS,3.58,3.23,3.24,3.45
2025-05-23,BOND MARKET INDICATORS,3.59,3.17,3.2,3.43
2025-05-26,BOND MARKET INDICATORS,3.56,3.16,3.19,3.41
2025-05-27,BOND MARKET INDICATORS,3.55,3.15,3.18,3.39
2025-05-28,BOND MARKET INDICATORS,3.52,3.15,3.19,3.39
2025-05-29,BOND MARKET INDICATORS,3.55,3.16,3.22,3.4
2025-05-30,BOND MARKET INDICATORS,3.52,3.16,3.21,3.39
2025-06-02,BOND MARKET INDICATORS,,,,
2025-06-03,BOND MARKET INDICATORS,3.53,3.16,3.21,3.39
2025-06-04,BOND MARKET INDICATORS,3.53,3.16,3.21,3.4
2025-06-05,BOND MARKET INDICATORS,3.52,3.16,3.2,3.41
2025-06-06,BOND MARKET INDICATORS,3.52,3.15,3.18,3.4
2025-06-09,BOND MARKET INDICATORS,3.51,3.15,,3.43
2025-06-10,BOND MARKET INDICATORS,3.53,3.16,3.24,3.43
2025-06-11,BOND MARKET INDICATORS,3.56,,3.27,3.46
2025-06-12,BOND MARKET INDICATORS,3.55,3.17,3.24,3.47
2025-06-13,BOND MARKET INDICATORS,3.55,3.18,3.26,3.47
2025-06-16,BOND MARKET INDICATORS,3.59,3.21,3.28,3.51
2025-06-17,BOND MARKET INDICATORS,3.59,3.22,3.27,3.5
2025-06-18,BOND MARKET INDICATORS,3.59,3.21,3.26,3.49
2025-06-19,BOND MARKET INDICATORS,3.59,3.22,,3.49
2025-06-20,BOND MARKET INDICATORS,3.59,3.2,3.25,3.49
2025-06-23,BOND MARKET INDICATORS,3.59,3.19,3.26,3.49
2025-06-24,BOND MARKET INDICATORS,3.56,3.15,3.23,3.45
2025-06-25,BOND MARKET INDICATORS,3.55,3.12,3.22,3.41
2025-06-26,BOND MARKET INDICATORS,3.52,3.14,3.18,3.38
2025-06-27,BOND MARKET INDICATORS,,,,
2025-06-30,BOND MARKET INDICATORS,3.47,3.15,3.2,3.41
2025-07-01,BOND MARKET INDICATORS,,3.15,3.17,3.39
2025-07-02,BOND MARKET INDICATORS,3.44,3.12,3.18,3.37
2025-07-03,BOND MARKET INDICATORS,,3.12,3.17,3.37
2025-07-04,BOND MARKET INDICATORS,,3.12,3.18,3.37
2025-07-07,BOND MARKET INDICATORS,3.44,3.13,3.17,3.38
2025-07-08,BOND MARKET INDICATORS,3.44,3.13,3.17,3.36
2025-07-09,BOND MARKET INDICATORS,3.44,3.12,3.12,3.36
2025-07-10,BOND MARKET INDICATORS,3.43,3.07,3.15,3.34
2025-07-11,BOND MARKET INDICATORS,3.44,3.06,3.16,3.35
2025-07-14,BOND MARKET INDICATORS,,3.07,3.16,3.35
2025-07-15,BOND MARKET INDICATORS,3.45,3.11,3.16,3.36
2025-07-16,BOND MARKET INDICATORS,3.43,3.1,3.13,3.37
2025-07-17,BOND MARKET INDICATORS,3.42,3.08,3.16,3.36
2025-07-18,BOND MARKET INDICATORS,3.42,3.08,3.15,3.35
2025-07-21,BOND MARKET INDICATORS,3.42,3.09,3.16,3.36
2025-07-22,BOND MARKET INDICATORS,3.42,3.08,3.18,3.36
2025-07-23,BOND MARKET INDICATORS,3.42,3.07,3.16,3.36
2025-07-24,BOND MARKET INDICATORS,3.4,3.05,3.15,3.35
2025-07-25,BOND MARKET INDICATORS,3.4,,3.15,3.33
2025-07-28,BOND MARKET INDICATORS,3.37,3.06,3.14,3.34
2025-07-29,BOND MARKET INDICATORS,3.36,3.05,,3.34
2025-07-30,BOND MARKET INDICATORS,3.37,3.05,3.14,3.34
2025-07-31,BOND MARKET INDICATORS,3.37,3.05,3.15,3.34
2025-08-01,BOND MARKET INDICATORS,3.4,3.08,3.18,3.36
2025-08-04,BOND MARKET INDICATORS,3.39,3.05,3.17,3.34
2025-08-05,BOND MARKET INDICATORS,3.39,3.05,3.15,3.33
2025-08-06,BOND MARKET INDICATORS,3.38,3.04,3.14,3.31
2025-08-07,BOND MARKET INDICATORS,3.38,3.03,3.11,3.28
2025-08-08,BOND MARKET INDICATORS,3.36,3.02,3.09,3.26
2025-08-11,BOND MARKET INDICATORS,,3.02,3.07,3.27
2025-08-12,BOND MARKET INDICATORS,3.39,3.03,3.11,3.29
2025-08-13,BOND MARKET INDICATORS,3.38,2.99,3.07,3.27
2025-08-14,BOND MARKET INDICATORS,3.35,2.95,3.05,3.25
2025-08-15,BOND MARKET INDICATORS,3.36,2.95,3.04,3.26
2025-08-18,BOND MARKET INDICATORS,3.37,2.96,,3.26
2025-08-19,BOND MARKET INDICATORS,3.38,2.98,3.04,3.26
2025-08-20,BOND MARKET INDICATORS,3.38,2.98,3.04,3.29
2025-08-21,BOND MARKET INDICATORS,3.39,2.98,3.08,3.27
2025-08-22,BOND MARKET INDICATORS,3.38,2.98,3.08,3.26
2025-08-25,BOND MARKET INDICATORS,3.36,2.96,3.07,3.26
2025-08-26,BOND MARKET INDICATORS,3.37,2.98,3.07,3.28
2025-08-27,BOND MARKET INDICATORS,3.39,2.98,3.05,3.28
2025-08-28,BOND MARKET INDICATORS,3.39,2.99,3.08,3.29
2025-08-29,BOND MARKET INDICATORS,3.39,3.0,3.08,3.3
2025-09-01,BOND MARKET INDICATORS,,,,
2025-09-02,BOND MARKET INDICATORS,3.4,3.0,3.09,3.32
2025-09-03,BOND MARKET INDICATORS,3.42,3.04,3.13,3.33
2025-09-04,BOND MARKET INDICATORS,3.4,3.04,3.13,3.32
2025-09-05,BOND MARKET INDICATORS,,,,
2025-09-08,BOND MARKET INDICATORS,3.4,3.04,3.11,3.32
2025-09-09,BOND MARKET INDICATORS,3.39,3.04,3.12,3.33
2025-09-10,BOND MARKET INDICATORS,,3.05,3.12,3.33
2025-09-11,BOND MARKET INDICATORS,3.43,3.06,3.13,3.34
2025-09-12,BOND MARKET INDICATORS,3.41,3.06,3.12,3.33
2025-09-15,BOND MARKET INDICATORS,,,,
2025-09-16,BOND MARKET INDICATORS,,,,
2025-09-17,BOND MARKET INDICATORS,3.4,3.04,3.12,3.32
2025-09-18,BOND MARKET INDICATORS,3.39,3.04,3.11,3.31
2025-09-19,BOND MARKET INDICATORS,3.4,3.04,3.13,3.32
2025-09-22,BOND MARKET INDICATORS,3.43,3.04,3.17,3.34
2025-09-23,BOND MARKET INDICATORS,3.41,3.05,3.18,3.36
2025-09-24,BOND MARKET INDICATORS,3.43,3.06,3.17,3.37
2025-09-25,BOND MARKET INDICATORS,3.44,3.08,3.21,3.4
2025-09-26,BOND MARKET INDICATORS,3.47,3.08,3.25,3.43
2025-09-29,BOND MARKET INDICATORS,3.46,3.13,3.23,3.42
2025-09-30,BOND MARKET INDICATORS,3.45,3.11,3.21,3.42
2025-10-01,BOND MARKET INDICATORS,3.45,3.11,3.23,3.42
2025-10-02,BOND MARKET INDICATORS,3.46,3.08,3.23,3.4
2025-10-03,BOND MARKET INDICATORS,3.44,3.09,3.2,3.39
2025-10-06,BOND MARKET INDICATORS,3.46,3.1,3.23,3.39
2025-10-07,BOND MARKET INDICATORS,3.49,3.12,3.23,3.44
2025-10-08,BOND MARKET INDICATORS,3.51,3.12,3.24,3.5
2025-10-09,BOND MARKET INDICATORS,3.49,3.1,3.24,3.47
2025-10-10,BOND MARKET INDICATORS,3.49,3.09,3.24,3.43
2025-10-13,BOND MARKET INDICATORS,3.49,3.07,3.19,3.4
2025-10-14,BOND MARKET INDICATORS,3.49,3.07,3.18,3.39
2025-10-15,BOND MARKET INDICATORS,3.45,3.08,3.18,3.39
2025-10-16,BOND MARKET INDICATORS,3.46,3.08,3.22,3.41
2025-10-17,BOND MARKET INDICATORS,3.46,3.08,3.2,3.39
2025-10-20,BOND MARKET INDICATORS,,,,
2025-10-21,BOND MARKET INDICATORS,3.47,3.09,3.24,3.41
2025-10-22,BOND MARKET INDICATORS,3.48,3.11,3.24,3.41
2025-10-23,BOND MARKET INDICATORS,3.48,3.1,3.23,3.4
2025-10-24,BOND MARKET INDICATORS,3.49,3.1,3.23,3.43
2025-10-27,BOND MARKET INDICATORS,3.49,3.13,3.24,3.43
2025-10-28,BOND MARKET INDICATORS,3.49,3.11,3.23,3.42
2025-10-29,BOND MARKET INDICATORS,3.48,3.11,3.24,3.44
2025-10-30,BOND MARKET INDICATORS,3.51,3.13,3.25,3.45
2025-10-31,BOND MARKET INDICATORS,3.49,3.13,3.25,3.44
2025-11-03,BOND MARKET INDICATORS,3.5,3.14,3.24,3.46
2025-11-04,BOND MARKET INDICATORS,3.5,3.13,3.25,3.46
2025-11-05,BOND MARKET INDICATORS,3.49,3.13,3.25,3.45
2025-11-06,BOND MARKET INDICATORS,3.49,3.13,3.25,3.48
2025-11-07,BOND MARKET INDICATORS,,3.11,3.23,3.44
2025-11-10,BOND MARKET INDICATORS,3.5,3.07,3.24,3.45
2025-11-11,BOND MARKET INDICATORS,3.49,3.07,3.24,3.42
2025-11-12,BOND MARKET INDICATORS,3.49,3.04,3.21,3.4
2025-11-13,BOND MARKET INDICATORS,3.43,3.03,3.2,3.39
2025-11-14,BOND MARKET INDICATORS,3.44,3.04,3.22,3.41
2025-11-17,BOND MARKET INDICATORS,3.45,3.03,3.23,3.41
2025-11-18,BOND MARKET INDICATORS,3.44,3.04,3.24,3.46
2025-11-19,BOND MARKET INDICATORS,3.43,3.02,3.23,3.44
2025-11-20,BOND MARKET INDICATORS,3.43,3.03,3.22,3.44
2025-11-21,BOND MARKET INDICATORS,3.43,3.01,3.23,3.44
2025-11-24,BOND MARKET INDICATORS,,3.02,3.22,3.44
2025-11-25,BOND MARKET INDICATORS,3.43,3.02,3.22,3.43
2025-11-26,BOND MARKET INDICATORS,3.43,3.02,3.21,3.42
2025-11-27,BOND MARKET INDICATORS,3.45,3.0,3.22,3.45
2025-11-28,BOND MARKET INDICATORS,3.47,3.04,3.24,3.45
2025-12-01,BOND MARKET INDICATORS,3.46,3.04,3.26,3.45
2025-12-02,BOND MARKET INDICATORS,3.46,3.04,3.26,3.48
2025-12-03,BOND MARKET INDICATORS,3.48,3.03,3.25,3.46
2025-12-04,BOND MARKET INDICATORS,3.48,3.03,3.25,3.45
2025-12-05,BOND MARKET INDICATORS,3.48,3.01,3.25,3.45
2025-12-08,BOND MARKET INDICATORS,,3.02,3.27,3.47
2025-12-09,BOND MARKET INDICATORS,3.53,3.02,3.28,3.48
2025-12-10,BOND MARKET INDICATORS,3.57,3.05,3.31,3.5
2025-12-11,BOND MARKET INDICATORS,3.56,3.04,3.28,3.48
2025-12-12,BOND MARKET INDICATORS,3.58,3.05,3.3,3.49
2025-12-15,BOND MARKET INDICATORS,3.57,3.03,3.29,3.49
2025-12-16,BOND MARKET INDICATORS,3.57,3.03,3.29,3.48
2025-12-17,BOND MARKET INDICATORS,3.56,3.03,3.28,3.45
2025-12-18,BOND MARKET INDICATORS,3.56,3.03,3.28,3.45
2025-12-19,BOND MARKET INDICATORS,3.55,3.03,3.26,3.41
2025-12-22,BOND MARKET INDICATORS,3.55,,3.26,3.45
2025-12-23,BOND MARKET INDICATORS,3.53,,3.26,
2025-12-24,BOND MARKET INDICATORS,3.53,3.0,3.25,3.39
2025-12-25,BOND MARKET INDICATORS,,,,
2025-12-26,BOND MARKET INDICATORS,,,,3.39
2025-12-29,BOND MARKET INDICATORS,3.52,2.99,3.25,3.38
2025-12-30,BOND MARKET INDICATORS,3.52,2.99,3.24,3.37
2025-12-31,BOND MARKET INDICATORS,3.49,3.0,3.26,3.37
2026-01-01,BOND MARKET INDICATORS,,,,
2026-01-02,BOND MARKET INDICATORS,3.5,2.99,3.23,3.37
2026-01-05,BOND MARKET INDICATORS,3.5,2.98,3.23,3.38
2026-01-06,BOND MARKET INDICATORS,3.51,3.01,3.26,
2026-01-07,BOND MARKET INDICATORS,3.51,2.99,3.25,3.39
2026-01-08,BOND MARKET INDICATORS,3.51,2.99,3.25,3.39
2026-01-09,BOND MARKET INDICATORS,3.51,2.99,3.25,3.41
2026-01-12,BOND MARKET INDICATORS,3.53,2.99,3.27,3.42
2026-01-13,BOND MARKET INDICATORS,3.54,3.0,3.27,3.44
2026-01-14,BOND MARKET INDICATORS,3.54,3.0,3.27,3.44
2026-01-15,BOND MARKET INDICATORS,3.54,3.01,3.27,3.44
2026-01-16,BOND MARKET INDICATORS,3.54,3.01,3.29,3.47
2026-01-19,BOND MARKET INDICATORS,3.56,3.02,3.3,3.46
2026-01-20,BOND MARKET INDICATORS,3.58,3.04,3.32,3.48
2026-01-21,BOND MARKET INDICATORS,3.56,3.05,3.32,3.48
2026-01-22,BOND MARKET INDICATORS,3.52,3.01,3.28,3.47
2026-01-23,BOND MARKET INDICATORS,3.53,2.99,3.28,3.45
2026-01-26,BOND MARKET INDICATORS,3.5,2.98,3.26,3.44
2026-01-27,BOND MARKET INDICATORS,3.49,2.99,3.26,3.43
2026-01-28,BOND MARKET INDICATORS,3.49,3.02,3.25,3.42
2026-01-29,BOND MARKET INDICATORS,3.5,3.01,3.27,3.43
2026-01-30,BOND MARKET INDICATORS,3.5,3.0,3.27,3.43
2026-02-02,BOND MARKET INDICATORS,,,,
2026-02-03,BOND MARKET INDICATORS,3.54,3.01,3.26,3.43
2026-02-04,BOND MARKET INDICATORS,3.54,3.01,3.28,3.43
2026-02-05,BOND MARKET INDICATORS,3.57,3.01,3.29,3.43
2026-02-06,BOND MARKET INDICATORS,3.56,,3.28,3.45
2026-02-09,BOND MARKET INDICATORS,3.57,3.03,3.28,3.46
2026-02-10,BOND MARKET INDICATORS,3.56,3.03,3.28,3.45
2026-02-11,BOND MARKET INDICATORS,3.55,3.03,3.29,3.45
2026-02-12,BOND MARKET INDICATORS,3.55,3.04,3.28,3.45
2026-02-13,BOND MARKET INDICATORS,3.54,3.05,3.3,3.45
2026-02-16,BOND MARKET INDICATORS,3.52,3.05,3.27,3.43
2026-02-17,BOND MARKET INDICATORS,,,,
2026-02-18,BOND MARKET INDICATORS,,,,
2026-02-19,BOND MARKET INDICATORS,3.52,3.04,3.28,3.44
2026-02-20,BOND MARKET INDICATORS,3.52,3.02,3.27,3.43
2026-02-23,BOND MARKET INDICATORS,3.52,3.03,3.27,3.43
2026-02-24,BOND MARKET INDICATORS,3.53,3.02,3.27,3.44
2026-02-25,BOND MARKET INDICATORS,3.52,3.02,3.27,3.44
2026-02-26,BOND MARKET INDICATORS,3.51,3.03,3.3,3.43
2026-02-27,BOND MARKET INDICATORS,3.48,3.03,3.31,3.4
2026-03-02,BOND MARKET INDICATORS,3.49,3.03,3.31,3.39
2026-03-03,BOND MARKET INDICATORS,3.54,3.07,3.35,3.41
2026-03-04,BOND MARKET INDICATORS,3.54,3.08,3.33,3.43
2026-03-05,BOND MARKET INDICATORS,3.54,3.09,3.34,3.42
2026-03-06,BOND MARKET INDICATORS,3.55,3.1,3.35,3.44
2026-03-09,BOND MARKET INDICATORS,3.59,3.16,3.38,3.48
2026-03-10,BOND MARKET INDICATORS,3.55,3.1,3.35,3.47
2026-03-11,BOND MARKET INDICATORS,3.55,3.11,3.36,3.45
2026-03-12,BOND MARKET INDICATORS,3.55,3.14,3.37,3.46
2026-03-13,BOND MARKET INDICATORS,3.57,3.14,3.38,3.46
2026-03-16,BOND MARKET INDICATORS,3.57,3.23,3.38,3.45
2026-03-17,BOND MARKET INDICATORS,3.56,3.22,3.36,3.44
2026-03-18,BOND MARKET INDICATORS,3.54,3.21,3.34,3.43
2026-03-19,BOND MARKET INDICATORS,3.56,3.22,3.37,3.45
2026-03-20,BOND MARKET INDICATORS,,,,
2026-03-23,BOND MARKET INDICATORS,,,,
2026-03-24,BOND MARKET INDICATORS,3.58,3.24,3.4,3.49
2026-03-25,BOND MARKET INDICATORS,3.58,3.23,3.4,3.48
2026-03-26,BOND MARKET INDICATORS,3.6,3.26,3.42,3.5
2026-03-27,BOND MARKET INDICATORS,3.63,3.29,3.43,3.53
2026-03-30,BOND MARKET INDICATORS,3.65,3.29,3.46,3.54
2026-03-31,BOND MARKET INDICATORS,3.63,3.26,3.43,3.55
2026-04-01,BOND MARKET INDICATORS,3.58,3.23,3.41,3.51
2026-04-02,BOND MARKET INDICATORS,3.62,3.24,3.43,3.52
2026-04-03,BOND MARKET INDICATORS,,3.24,3.43,3.53
2026-04-06,BOND MARKET INDICATORS,,3.24,3.43,
2026-04-07,BOND MARKET INDICATORS,3.63,3.24,3.41,
2026-04-08,BOND MARKET INDICATORS,3.59,3.23,3.4,3.49
2026-04-09,BOND MARKET INDICATORS,3.6,3.23,3.39,3.51
2026-04-10,BOND MARKET INDICATORS,3.59,3.23,3.37,3.48
2026-04-13,BOND MARKET INDICATORS,3.59,3.22,3.36,3.47
2026-04-14,BOND MARKET INDICATORS,3.57,3.2,3.36,3.47
2026-04-15,BOND MARKET INDICATORS,3.57,3.19,3.35,3.47
2026-04-16,BOND MARKET INDICATORS,3.56,3.19,3.34,3.47
2026-04-17,BOND MARKET INDICATORS,3.58,3.19,3.35,3.46
2026-04-20,BOND MARKET INDICATORS,3.58,3.18,,3.45
2026-04-21,BOND MARKET INDICATORS,3.55,3.17,3.31,3.45
2026-04-22,BOND MARKET INDICATORS,3.55,,3.31,3.46
2026-04-23,BOND MARKET INDICATORS,3.55,,3.38,3.44
2026-04-24,BOND MARKET INDICATORS,3.55,3.17,3.34,3.44
2026-04-27,BOND MARKET INDICATORS,3.54,3.17,3.32,3.43
2026-04-28,BOND MARKET INDICATORS,3.54,3.19,3.33,3.44
2026-04-29,BOND MARKET INDICATORS,3.55,,3.33,3.43
2026-04-30,BOND MARKET INDICATORS,3.57,3.21,3.35,3.44
2026-05-01,BOND MARKET INDICATORS,,,,
2026-05-04,BOND MARKET INDICATORS,3.56,3.21,3.35,3.44
2026-05-05,BOND MARKET INDICATORS,3.57,3.21,3.36,3.46
2026-05-06,BOND MARKET INDICATORS,3.57,3.2,3.34,3.46
2026-05-07,BOND MARKET INDICATORS,3.56,3.19,3.34,3.44
2026-05-08,BOND MARKET INDICATORS,3.55,,3.34,3.45
2026-05-11,BOND MARKET INDICATORS,3.55,,3.35,3.45
2026-05-12,BOND MARKET INDICATORS,3.57,,3.36,
2026-05-13,BOND MARKET INDICATORS,3.58,3.22,3.37,3.48
2026-05-14,BOND MARKET INDICATORS,3.58,3.21,3.36,3.47
2026-05-15,BOND MARKET INDICATORS,3.57,3.22,3.38,3.49
2026-05-18,BOND MARKET INDICATORS,3.59,3.24,3.41,3.53
2026-05-19,BOND MARKET INDICATORS,3.61,3.23,3.42,3.53
2026-05-20,BOND MARKET INDICATORS,3.61,,,3.54
2026-05-21,BOND MARKET INDICATORS,3.61,3.23,3.41,3.54
2026-05-22,BOND MARKET INDICATORS,3.61,3.23,3.41,3.57
2026-05-25,BOND MARKET INDICATORS,3.58,3.21,3.4,3.54
2026-05-26,BOND MARKET INDICATORS,3.59,,3.41,3.53
2026-05-27,BOND MARKET INDICATORS,,,,
2026-05-28,BOND MARKET INDICATORS,3.58,3.22,3.39,3.57
2026-05-29,BOND MARKET INDICATORS,3.56,3.23,3.4,3.51
2026-06-01,BOND MARKET INDICATORS,,,,
2026-06-02,BOND MARKET INDICATORS,,,,
2026-06-03,BOND MARKET INDICATORS,3.55,3.24,3.41,3.51
2026-06-04,BOND MARKET INDICATORS,3.56,3.25,3.4,3.53
2026-06-05,BOND MARKET INDICATORS,3.57,3.25,3.42,3.55
2026-06-08,BOND MARKET INDICATORS,3.62,3.27,3.44,3.58
2026-06-09,BOND MARKET INDICATORS,3.61,3.27,3.44,3.58
2026-06-10,BOND MARKET INDICATORS,3.61,3.26,3.44,3.57
2026-06-11,BOND MARKET INDICATORS,3.6,3.26,3.44,3.58
2026-06-12,BOND MARKET INDICATORS,3.58,3.24,3.44,3.56
2026-06-15,BOND MARKET INDICATORS,3.58,3.23,3.42,3.54
2026-06-16,BOND MARKET INDICATORS,3.61,3.24,3.43,3.54
2026-06-17,BOND MARKET INDICATORS,,,,
2026-06-18,BOND MARKET INDICATORS,3.6,3.25,3.45,3.57
2026-06-19,BOND MARKET INDICATORS,3.61,3.26,3.43,3.57
2026-06-22,BOND MARKET INDICATORS,3.62,3.27,,3.57
2026-06-23,BOND MARKET INDICATORS,3.62,3.26,3.43,3.57
2026-06-24,BOND MARKET INDICATORS,3.63,3.26,3.42,3.57
2026-06-25,BOND MARKET INDICATORS,3.61,3.25,3.41,3.55
2026-06-26,BOND MARKET INDICATORS,3.61,3.25,3.41,3.55
2026-06-29,BOND MARKET INDICATORS,3.6,3.26,3.39,3.53
2026-06-30,BOND MARKET INDICATORS,3.6,3.25,3.37,3.53
2026-07-01,BOND MARKET INDICATORS,3.61,3.26,3.4,3.53
2026-07-02,BOND MARKET INDICATORS,3.63,3.26,3.4,3.54
2026-07-03,BOND MARKET INDICATORS,3.62,3.26,3.39,3.53
2026-07-06,BOND MARKET INDICATORS,3.61,3.25,3.39,3.53
2026-07-07,BOND MARKET INDICATORS,3.62,3.25,3.39,3.54
2026-07-08,BOND MARKET INDICATORS,3.63,3.26,3.41,3.55
2026-07-09,BOND MARKET INDICATORS,3.63,3.26,3.41,3.54
2026-07-10,BOND MARKET INDICATORS,3.62,3.25,3.39,3.53
2026-07-13,BOND MARKET INDICATORS,3.62,3.26,3.39,3.54
2026-07-14,BOND MARKET INDICATORS,3.64,3.28,3.41,3.55
2026-07-15,BOND MARKET INDICATORS,3.63,3.26,3.4,3.55
2026-07-16,BOND MARKET INDICATORS,3.63,3.25,,3.54
2026-07-17,BOND MARKET INDICATORS,3.65,3.26,3.41,3.55
2026-07-20,BOND MARKET INDICATORS,3.65,3.25,3.43,3.56
2026-07-21,BOND MARKET INDICATORS,3.66,3.27,3.42,3.57
2026-07-22,BOND MARKET INDICATORS,3.67,3.27,3.44,3.59
2026-07-23,BOND MARKET INDICATORS,3.69,3.29,3.46,3.6
2026-07-24,BOND MARKET INDICATORS,3.7,3.29,3.49,3.63
2026-07-27,BOND MARKET INDICATORS,3.69,,3.47,3.62
2026-07-28,BOND MARKET INDICATORS,3.7,3.29,3.48,3.63
2026-07-29,BOND MARKET INDICATORS,3.72,3.32,3.51,3.67
2026-07-30,BOND MARKET INDICATORS,3.72,3.31,3.51,3.65
2026-07-31,BOND MARKET INDICATORS,3.7,3.3,3.49,3.65
2026-08-03,BOND MARKET INDICATORS,3.71,3.3,3.49,3.65
2026-08-04,BOND MARKET INDICATORS,3.73,3.32,3.52,3.67
2026-08-05,BOND MARKET INDICATORS,3.73,3.32,3.52,3.67
2026-08-06,BOND MARKET INDICATORS,3.72,3.32,3.53,3.67
2026-08-07,BOND MARKET INDICATORS,3.72,3.32,3.53,3.67
2026-08-10,BOND MARKET INDICATORS,3.73,3.32,3.53,3.67
2026-08-11,BOND MARKET INDICATORS,3.74,,3.53,3.68
2026-08-12,BOND MARKET INDICATORS,3.74,3.34,3.53,3.67
2026-08-13,BOND MARKET INDICATORS,3.74,3.34,,3.69
2026-08-14,BOND MARKET INDICATORS,3.74,3.33,3.53,3.69
2026-08-17,BOND MARKET INDICATORS,3.74,3.32,3.53,3.68
2026-08-18,BOND MARKET INDICATORS,3.74,3.33,3.54,3.7
2026-08-19,BOND MARKET INDICATORS,3.76,3.33,3.55,3.72
2026-08-20,BOND MARKET INDICATORS,3.76,3.33,3.54,3.71
2026-08-21,BOND MARKET INDICATORS,3.77,3.36,3.57,3.74
2026-08-24,BOND MARKET INDICATORS,3.8,3.35,3.57,3.75
2026-08-25,BOND MARKET INDICATORS,,,,
2026-08-26,BOND MARKET INDICATORS,3.83,3.34,3.57,3.74
2026-08-27,BOND MARKET INDICATORS,3.86,3.35,3.59,3.77
2026-08-28,BOND MARKET INDICATORS,3.87,3.36,3.61,3.8
2026-08-31,BOND MARKET INDICATORS,,,,
2026-09-01,BOND MARKET INDICATORS,3.92,3.39,3.63,3.85
2026-09-02,BOND MARKET INDICATORS,3.93,3.39,3.65,3.86
2026-09-03,BOND MARKET INDICATORS,3.92,3.39,3.65,3.87
2026-09-04,BOND MARKET INDICATORS,3.98,3.41,3.69,3.93
2026-09-07,BOND MARKET INDICATORS,4.04,3.45,3.73,3.96
2026-09-08,BOND MARKET INDICATORS,4.1,3.49,3.77,4.01
2026-09-09,BOND MARKET INDICATORS,4.12,3.51,3.76,4.04
2026-09-10,BOND MARKET INDICATORS,4.14,3.5,3.82,4.08
2026-09-11,BOND MARKET INDICATORS,4.18,3.56,3.86,4.13
2026-09-14,BOND MARKET INDICATORS,4.14,3.59,3.86,4.14
2026-09-15,BOND MARKET INDICATORS,4.17,3.58,3.92,4.17
2026-09-16,BOND MARKET INDICATORS,,,,
2026-09-17,BOND MARKET INDICATORS,4.13,3.49,3.91,4.0
2026-09-18,BOND MARKET INDICATORS,3.92,3.43,3.77,3.91
2026-09-21,BOND MARKET INDICATORS,3.94,3.43,3.74,3.96
2026-09-22,BOND MARKET INDICATORS,3.9,3.47,3.73,3.88
2026-09-23,BOND MARKET INDICATORS,3.91,,3.69,3.84
2026-09-24,BOND MARKET INDICATORS,3.95,3.47,3.72,3.95
2026-09-25,BOND MARKET INDICATORS,3.94,3.45,3.7,3.95
2026-09-28,BOND MARKET INDICATORS,4.02,3.49,3.78,4.0
2026-09-29,BOND MARKET INDICATORS,4.09,3.45,3.81,4.04
