eps_sen,dps_sen,nta,revenue,pl,fq,qdate,fy,announced,roe_q
8.8,0.0,2.92,956900000.0,84300000.0,2,2002-09-30,"31 Mar, 2003",2002-11-27,3.0%
6.99,0.0,2.99,1000000000.0,68200000.0,3,2002-12-31,"31 Mar, 2003",2003-02-21,2.3%
3.0,3.6,3.04,1200000000.0,29400000.0,4,2003-03-31,"31 Mar, 2003",2003-05-30,1.0%
7.47,0.0,3.12,1100000000.0,74800000.0,1,2003-06-30,"31 Mar, 2004",2003-08-15,2.4%
8.61,0.0,3.29,1000000000.0,86400000.0,2,2003-09-30,"31 Mar, 2004",2003-11-21,2.6%
2.8,0.0,2.04,1100000000.0,42700000.0,3,2003-12-31,"31 Mar, 2004",2004-02-27,1.4%
1.1,2.88,2.06,1200000000.0,19900000.0,4,2004-03-31,"31 Mar, 2004",2004-05-31,0.5%
2.1,0.0,2.08,1100000000.0,39100000.0,1,2004-06-30,"31 Mar, 2005",2004-08-30,1.0%
3.57,0.0,2.07,1100000000.0,66599999.99999999,2,2004-09-30,"31 Mar, 2005",2004-11-29,1.7%
5.06,0.0,2.11,1200000000.0,94800000.0,3,2004-12-31,"31 Mar, 2005",2005-02-25,2.4%
-0.36,4.0,2.0,1200000000.0,-7000000.0,4,2005-03-31,"31 Mar, 2005",2005-05-16,-0.2%
5.0,0.0,2.01,1100000000.0,106500000.0,1,2005-06-30,"31 Mar, 2006",2005-08-10,2.5%
4.73,0.0,2.02,1100000000.0,100700000.0,2,2005-09-30,"31 Mar, 2006",2005-11-18,2.3%
5.15,0.0,2.33,1200000000.0,109800000.0,3,2005-12-31,"31 Mar, 2006",2006-02-10,2.2%
2.28,5.0,2.36,1300000000.0,48500000.0,4,2006-03-31,"31 Mar, 2006",2006-05-31,1.0%
5.01,0.0,2.4,1300000000.0,106800000.0,1,2006-06-30,"31 Mar, 2007",2006-08-11,2.1%
4.71,0.0,2.42,1500000000.0,100300000.0,2,2006-09-30,"31 Mar, 2007",2006-11-14,1.9%
6.0,0.0,2.49,1700000000.0,127800000.0,3,2006-12-31,"31 Mar, 2007",2007-02-13,2.4%
-25.69,5.0,2.29,1600000000.0,-547300000.0,4,2007-03-31,"31 Mar, 2007",2007-05-18,-11.2%
8.2,0.0,2.56,1600000000.0,181100000.0,1,2007-06-30,"31 Mar, 2008",2007-08-08,3.2%
3.14,0.0,2.55,1500000000.0,72100000.0,2,2007-09-30,"31 Mar, 2008",2007-11-14,1.2%
8.5,0.0,2.63,1700000000.0,197800000.0,3,2007-12-31,"31 Mar, 2008",2008-01-28,3.2%
8.23,6.0,2.63,1500000000.0,217500000.0,4,2008-03-31,"31 Mar, 2008",2008-05-13,3.1%
7.45,0.0,2.62,1400000000.0,202900000.0,1,2008-06-30,"31 Mar, 2009",2008-08-12,2.8%
8.45,0.0,2.72,1400000000.0,230100000.0,2,2008-09-30,"31 Mar, 2009",2008-11-11,3.1%
9.11,0.0,2.73,1500000000.0,248000000.0,3,2008-12-31,"31 Mar, 2009",2009-02-13,3.3%
6.6,8.0,2.84,1500000000.0,179800000.0,4,2009-03-31,"31 Mar, 2009",2009-05-15,2.3%
9.48,0.0,2.96,1500000000.0,258200000.0,1,2009-06-30,"31 Mar, 2010",2009-08-11,3.2%
8.32,0.0,3.01,1600000000.0,240200000.0,2,2009-09-30,"31 Mar, 2010",2009-11-06,2.8%
8.92,0.0,3.1,1700000000.0,268500000.0,3,2009-12-31,"31 Mar, 2010",2010-02-08,2.9%
8.03,10.5,3.2,1700000000.0,241700000.0,4,2010-03-31,"31 Mar, 2010",2010-05-14,2.5%
12.24,0.0,3.24,1700000000.0,368300000.0,1,2010-06-30,"31 Mar, 2011",2010-08-17,3.8%
11.09,6.0,3.26,1800000000.0,332900000.0,2,2010-09-30,"31 Mar, 2011",2010-11-12,3.4%
10.83,0.0,3.31,1800000000.0,325300000.0,3,2010-12-31,"31 Mar, 2011",2011-02-18,3.3%
10.54,12.0,3.42,1800000000.0,316300000.0,4,2011-03-31,"31 Mar, 2011",2011-05-18,3.1%
14.75,0.0,3.54,2000000000.0,441500000.0,1,2011-06-30,"31 Mar, 2012",2011-08-15,4.2%
12.35,6.6,3.53,2100000000.0,369500000.0,2,2011-09-30,"31 Mar, 2012",2011-11-16,3.5%
11.95,0.0,3.58,2000000000.0,357200000.0,3,2011-12-31,"31 Mar, 2012",2012-02-14,3.3%
11.47,13.5,3.7,2000000000.0,342600000.0,4,2012-03-31,"31 Mar, 2012",2012-05-17,3.1%
14.98,0.0,3.82,2000000000.0,448600000.0,1,2012-06-30,"31 Mar, 2013",2012-08-14,3.9%
13.22,7.0,3.83,2000000000.0,396600000.0,2,2012-09-30,"31 Mar, 2013",2012-11-08,3.5%
13.12,0.0,3.89,2100000000.0,393600000.0,3,2012-12-31,"31 Mar, 2013",2013-02-19,3.4%
13.54,15.0,3.99,1900000000.0,406400000.0,4,2013-03-31,"31 Mar, 2013",2013-05-16,3.4%
15.57,0.0,4.15,2000000000.0,467900000.0,1,2013-06-30,"31 Mar, 2014",2013-08-16,3.8%
14.67,7.2,4.13,2400000000.0,441200000.0,2,2013-09-30,"31 Mar, 2014",2013-11-14,3.6%
14.07,0.0,4.19,2400000000.0,423100000.0,3,2013-12-31,"31 Mar, 2014",2014-02-17,3.4%
15.43,16.9,4.36,2400000000.0,463700000.0,4,2014-03-31,"31 Mar, 2014",2014-05-20,3.5%
17.86,0.0,4.6,2600000000.0,536900000.0,1,2014-06-30,"31 Mar, 2015",2014-08-22,3.9%
14.81,12.0,4.59,2200000000.0,445800000.0,2,2014-09-30,"31 Mar, 2015",2014-11-19,3.2%
13.86,0.0,4.6,2100000000.0,416600000.0,3,2014-12-31,"31 Mar, 2015",2015-02-12,3.0%
17.3,15.3,4.8,2200000000.0,519200000.00000006,4,2015-03-31,"31 Mar, 2015",2015-05-22,3.6%
11.31,0.0,4.92,2100000000.0,339500000.0,1,2015-06-30,"31 Mar, 2016",2015-08-19,2.3%
12.73,5.0,4.9,2100000000.0,382500000.0,2,2015-09-30,"31 Mar, 2016",2015-11-19,2.6%
9.99,0.0,4.94,2100000000.0,300200000.0,3,2015-12-31,"31 Mar, 2016",2016-02-26,2.0%
9.32,10.5,5.03,2100000000.0,280000000.0,4,2016-03-31,"31 Mar, 2016",2016-05-27,1.9%
10.74,0.0,5.14,2100000000.0,323000000.0,1,2016-06-30,"31 Mar, 2017",2016-08-22,2.1%
11.73,5.0,5.16,2100000000.0,352600000.0,2,2016-09-30,"31 Mar, 2017",2016-11-21,2.3%
10.42,0.0,5.2,2000000000.0,313200000.0,3,2016-12-31,"31 Mar, 2017",2017-02-24,2.0%
11.17,12.6,5.32,2100000000.0,335800000.0,4,2017-03-31,"31 Mar, 2017",2017-05-31,2.1%
10.92,0.0,5.42,2100000000.0,328300000.0,1,2017-06-30,"31 Mar, 2018",2017-08-24,2.0%
11.02,5.0,5.4,2100000000.0,331500000.0,2,2017-09-30,"31 Mar, 2018",2017-11-28,2.0%
7.28,0.0,5.41,2200000000.0,219000000.0,3,2017-12-31,"31 Mar, 2018",2018-02-28,1.3%
8.43,10.0,5.48,2200000000.0,253400000.0,4,2018-03-31,"31 Mar, 2018",2018-05-31,1.5%
11.56,0.0,5.6,2200000000.0,347600000.0,1,2018-06-30,"31 Mar, 2019",2018-08-21,2.1%
11.57,5.0,5.63,2300000000.0,348200000.0,2,2018-09-30,"31 Mar, 2019",2018-11-22,2.1%
11.63,0.0,5.71,2300000000.0,349900000.0,3,2018-12-31,"31 Mar, 2019",2019-02-21,2.0%
15.28,15.0,5.87,2300000000.0,459700000.0,4,2019-03-31,"31 Mar, 2019",2019-05-28,2.6%
13.01,0.0,6.03,2400000000.0,391500000.0,1,2019-06-30,"31 Mar, 2020",2019-08-22,2.2%
10.62,6.0,6.02,2300000000.0,319600000.0,2,2019-09-30,"31 Mar, 2020",2019-11-29,1.8%
12.71,0.0,6.08,2400000000.0,382100000.0,3,2019-12-31,"31 Mar, 2020",2020-02-27,2.1%
8.23,7.3,6.18,2200000000.0,247500000.0,4,2020-03-31,"31 Mar, 2020",2020-06-29,1.3%
12.14,0.0,6.38,2200000000.0,365200000.0,1,2020-06-30,"31 Mar, 2021",2020-08-26,1.9%
7.89,0.0,6.42,2100000000.0,237300000.0,2,2020-09-30,"31 Mar, 2021",2020-11-30,1.2%
8.77,0.0,6.5,2100000000.0,263800000.0,3,2020-12-31,"31 Mar, 2021",2021-03-01,1.3%
-156.0,0.0,4.87,2000000000.0,-4700000000.0,4,2021-03-31,"31 Mar, 2021",2021-05-31,-32.0%
11.86,0.0,4.81,2100000000.0,386600000.0,1,2021-06-30,"31 Mar, 2022",2021-08-30,2.5%
9.69,0.0,4.87,1100000000.0,321000000.0,2,2021-09-30,"31 Mar, 2022",2021-11-26,2.0%
12.18,0.0,4.97,1200000000.0,403300000.0,3,2021-12-31,"31 Mar, 2022",2022-02-25,2.5%
11.83,5.0,5.06,1100000000.0,391800000.0,4,2022-03-31,"31 Mar, 2022",2022-05-31,2.3%
12.66,0.0,5.14,1200000000.0,419200000.0,1,2022-06-30,"31 Mar, 2023",2022-08-17,2.5%
13.15,6.0,5.21,1200000000.0,435400000.0,2,2022-09-30,"31 Mar, 2023",2022-11-30,2.5%
13.67,0.0,5.32,1200000000.0,452600000.0,3,2022-12-31,"31 Mar, 2023",2023-02-23,2.6%
12.94,12.3,5.48,1200000000.0,427900000.0,4,2023-03-31,"31 Mar, 2023",2023-05-29,2.4%
11.44,0.0,5.59,1200000000.0,378400000.0,1,2023-06-30,"31 Mar, 2024",2023-08-21,2.0%
14.2,6.0,5.6,1100000000.0,469800000.0,2,2023-09-30,"31 Mar, 2024",2023-11-22,2.5%
16.42,0.0,5.79,1200000000.0,543400000.0,3,2023-12-31,"31 Mar, 2024",2024-02-26,2.8%
14.41,16.6,5.88,1200000000.0,476500000.0,4,2024-03-31,"31 Mar, 2024",2024-05-27,2.5%
15.13,0.0,6.05,1200000000.0,500200000.0,1,2024-06-30,"31 Mar, 2025",2024-08-20,2.5%
15.14,10.3,6.03,1200000000.0,500600000.0,2,2024-09-30,"31 Mar, 2025",2024-11-27,2.5%
14.71,0.0,6.07,1200000000.0,486500000.0,3,2024-12-31,"31 Mar, 2025",2025-02-20,2.4%
15.55,19.9,6.24,1300000000.0,513900000.0,4,2025-03-31,"31 Mar, 2025",2025-05-26,2.5%
15.64,0.0,6.23,1300000000.0,516200000.00000006,1,2025-06-30,"31 Mar, 2026",2025-08-18,2.5%
16.16,12.5,6.37,1300000000.0,534600000.0,2,2025-09-30,"31 Mar, 2026",2025-11-26,2.5%
16.01,0.0,6.4,1300000000.0,529600000.0,3,2025-12-31,"31 Mar, 2026",2026-02-25,2.5%
15.74,22.5,6.54,1300000000.0,520500000.0,4,2026-03-31,"31 Mar, 2026",2026-05-28,2.4%
15.73,0.0,6.48,1300000000.0,520200000.00000006,1,2026-06-30,"31 Mar, 2027",2026-08-18,2.4%
