eps_sen,dps_sen,nta,revenue,pl,fq,qdate,fy,announced,roe_q,factor,eps_sen_adj,dps_sen_adj,nta_adj,eps_core_sen_adj,eps_ttm,eps_ttm_core,bv,bv_avg,roe_ttm,roe_ttm_core,dps_ttm_q,eps_ttm_yoy,pl_ttm
2.29,0.0,0.9746,347400000.0,17500000.0,2,2002-09-30,"31 Mar, 2003",2002-11-27,2.3%,1.0,2.29,0.0,0.9746,2.29,,,0.9746,,,,,,
7.41,0.0,1.0336,266900000.0,65000000.0,3,2002-12-31,"31 Mar, 2003",2003-02-27,7.2%,1.0,7.41,0.0,1.0336,7.41,,,1.0336,,,,,,
6.59,2.0,1.09,372500000.0,65099999.99999999,4,2003-03-31,"31 Mar, 2003",2003-05-29,6.0%,1.0,6.59,2.0,1.09,6.59,,,1.09,,,,,,
4.27,0.0,1.14,370000000.0,49600000.0,1,2003-06-30,"31 Mar, 2004",2003-08-27,3.7%,1.0,4.27,0.0,1.14,4.27,0.20559999999999998,0.20559999999999998,1.14,,,,0.02,,197200000.0
3.11,0.0,1.17,356300000.0,36100000.0,2,2003-09-30,"31 Mar, 2004",2003-11-27,2.7%,1.0,3.11,0.0,1.17,3.11,0.2138,0.2138,1.17,1.0723,0.19938450060617363,0.19938450060617363,0.02,,215800000.0
5.55,0.0,1.23,382100000.0,64500000.0,3,2003-12-31,"31 Mar, 2004",2004-02-27,4.5%,1.0,5.55,0.0,1.23,5.55,0.19519999999999998,0.19519999999999998,1.23,1.1318000000000001,0.17246863403428164,0.17246863403428164,0.02,,215300000.0
4.47,2.0,1.32,321400000.0,51900000.0,4,2004-03-31,"31 Mar, 2004",2004-05-26,3.4%,1.0,4.47,2.0,1.32,4.47,0.174,0.174,1.32,1.205,0.14439834024896264,0.14439834024896264,0.02,,202100000.0
4.56,0.0,1.37,364500000.0,53100000.0,1,2004-06-30,"31 Mar, 2005",2004-08-25,3.3%,1.0,4.56,0.0,1.37,4.56,0.17689999999999997,0.17689999999999997,1.37,1.255,0.14095617529880478,0.14095617529880478,0.02,-0.139591439688716,205600000.0
4.49,2.0,1.39,362800000.0,52200000.0,2,2004-09-30,"31 Mar, 2005",2004-11-30,3.2%,1.0,4.49,2.0,1.39,4.49,0.1907,0.1907,1.39,1.2799999999999998,0.14898437500000003,0.14898437500000003,0.04,-0.10804490177736192,221700000.0
6.72,0.0,1.45,346000000.0,78200000.0,3,2004-12-31,"31 Mar, 2005",2005-02-24,4.6%,1.0,6.72,0.0,1.45,6.72,0.2024,0.2024,1.45,1.3399999999999999,0.151044776119403,0.151044776119403,0.04,0.03688524590163933,235400000.0
2.72,1.0,1.42,370100000.0,31600000.0,4,2005-03-31,"31 Mar, 2005",2005-05-30,1.9%,1.0,2.72,1.0,1.42,2.72,0.1849,0.1849,1.42,1.37,0.13496350364963502,0.13496350364963502,0.03,0.06264367816091965,215100000.0
2.31,0.0,1.46,333100000.0,26800000.0,1,2005-06-30,"31 Mar, 2006",2005-08-30,1.6%,1.0,2.31,0.0,1.46,2.31,0.16240000000000002,0.16240000000000002,1.46,1.415,0.11477031802120143,0.11477031802120143,0.03,-0.08196721311475386,188800000.0
-19.77,0.0,1.27,314600000.0,-229900000.0,2,2005-09-30,"31 Mar, 2006",2005-11-30,-15.6%,1.0,-19.77,0.0,1.27,-19.77,-0.08020000000000001,-0.08020000000000001,1.27,1.33,-0.06030075187969925,-0.06030075187969925,0.01,-1.4205558468799162,-93300000.0
1.1,0.0,1.51,319800000.0,12800000.0,3,2005-12-31,"31 Mar, 2006",2006-02-17,0.7%,1.0,1.1,0.0,1.51,1.1,-0.13640000000000002,-0.13640000000000002,1.51,1.48,-0.09216216216216218,-0.09216216216216218,0.01,-1.673913043478261,-158700000.0
-0.99,0.0,1.49,331100000.0,-11600000.0,4,2006-03-31,"31 Mar, 2006",2006-05-30,-0.7%,1.0,-0.99,0.0,1.49,-0.99,-0.17350000000000002,-0.17350000000000002,1.49,1.455,-0.11924398625429554,-0.11924398625429554,0.0,-1.938345051379124,-201900000.0
3.39,0.0,1.54,360100000.0,39600000.0,1,2006-06-30,"31 Mar, 2007",2006-08-07,2.2%,1.0,3.39,0.0,1.54,3.39,-0.16270000000000004,-0.16270000000000004,1.54,1.5,-0.1084666666666667,-0.1084666666666667,0.0,-2.001847290640394,-189100000.0
-3.42,0.0,1.52,349500000.0,-39900000.0,2,2006-09-30,"31 Mar, 2007",2006-11-17,-2.3%,1.0,-3.42,0.0,1.52,-3.42,0.0007999999999999829,0.0007999999999999829,1.52,1.395,0.0005734767025089483,0.0005734767025089483,0.0,-1.0099750623441395,900000.0
4.48,0.0,1.56,376900000.0,52400000.0,3,2006-12-31,"31 Mar, 2007",2007-02-28,2.9%,1.0,4.48,0.0,1.56,4.48,0.034599999999999985,0.034599999999999985,1.56,1.5350000000000001,0.022540716612377838,0.022540716612377838,0.0,-1.25366568914956,40500000.0
4.7,0.0,1.6,374600000.0,55200000.0,4,2007-03-31,"31 Mar, 2007",2007-05-28,2.9%,1.0,4.7,0.0,1.6,4.7,0.09149999999999998,0.09149999999999998,1.6,1.545,0.05922330097087378,0.05922330097087378,0.0,-1.5273775216138326,107300000.0
7.07,1.75,1.58,403300000.0,95200000.0,1,2007-06-30,"31 Mar, 2008",2007-08-17,4.5%,1.0,7.07,1.75,1.58,7.07,0.12829999999999997,0.12829999999999997,1.58,1.56,0.08224358974358972,0.08224358974358972,0.0175,-1.7885679164105712,162900000.0
7.06,0.0,1.62,364600000.0,102200000.0,2,2007-09-30,"31 Mar, 2008",2007-11-28,4.4%,1.0,7.06,0.0,1.62,7.06,0.23310000000000003,0.23310000000000003,1.62,1.57,0.14847133757961783,0.14847133757961783,0.0175,290.37500000000625,305000000.0
6.59,4.5,1.68,403900000.0,102100000.0,3,2007-12-31,"31 Mar, 2008",2008-02-18,3.9%,1.0,6.59,4.5,1.68,6.59,0.2541999999999999,0.2541999999999999,1.68,1.62,0.15691358024691351,0.15691358024691351,0.0625,6.346820809248556,354700000.0
5.21,0.0,1.67,415400000.0,80500000.0,4,2008-03-31,"31 Mar, 2008",2008-05-26,3.1%,1.0,5.21,0.0,1.67,5.21,0.2593,0.2593,1.67,1.635,0.1585932721712538,0.1585932721712538,0.0625,1.8338797814207655,380000000.0
8.09,2.5,1.74,421500000.0,124300000.0,1,2008-06-30,"31 Mar, 2009",2008-08-08,4.6%,1.0,8.09,2.5,1.74,8.09,0.26949999999999996,0.26949999999999996,1.74,1.6600000000000001,0.1623493975903614,0.1623493975903614,0.07,1.100545596258769,409100000.0
3.55,0.0,1.76,404400000.0,54600000.0,2,2008-09-30,"31 Mar, 2009",2008-11-27,2.0%,1.0,3.55,0.0,1.76,3.55,0.23439999999999997,0.23439999999999997,1.76,1.69,0.138698224852071,0.138698224852071,0.07,0.005577005577005245,361500000.0
3.2,3.75,1.81,412100000.0,49200000.0,3,2008-12-31,"31 Mar, 2009",2009-02-24,1.8%,1.0,3.2,3.75,1.81,3.2,0.20049999999999998,0.20049999999999998,1.81,1.745,0.11489971346704869,0.11489971346704869,0.0625,-0.21125098347757654,308600000.0
0.1,0.0,1.78,398400000.0,897000.0,4,2009-03-31,"31 Mar, 2009",2009-06-17,0.1%,1.0,0.1,0.0,1.78,0.1,0.14939999999999995,0.14939999999999995,1.78,1.725,0.08660869565217388,0.08660869565217388,0.0625,-0.42383339760894734,228997000.0
3.0,1.3,1.81,387900000.0,46200000.0,1,2009-06-30,"31 Mar, 2010",2009-08-17,1.7%,1.0,3.0,1.3,1.81,3.0,0.09849999999999996,0.09849999999999996,1.81,1.775,0.05549295774647885,0.05549295774647885,0.050499999999999996,-0.6345083487940631,150897000.0
5.1,0.0,1.85,370400000.0,78000000.0,2,2009-09-30,"31 Mar, 2010",2009-11-25,2.8%,1.0,5.1,0.0,1.85,5.1,0.11399999999999995,0.11399999999999995,1.85,1.8050000000000002,0.06315789473684207,0.06315789473684207,0.050499999999999996,-0.513651877133106,174297000.0
6.5,5.1,1.91,394400000.0,99900000.0,3,2009-12-31,"31 Mar, 2010",2010-02-11,3.4%,1.0,6.5,5.1,1.91,6.5,0.14699999999999996,0.14699999999999996,1.91,1.8599999999999999,0.07903225806451611,0.07903225806451611,0.064,-0.2668329177057358,224997000.0
5.0,0.0,1.9,381600000.0,77300000.0,4,2010-03-31,"31 Mar, 2010",2010-05-31,2.6%,1.0,5.0,0.0,1.9,5.0,0.19599999999999995,0.19599999999999995,1.9,1.8399999999999999,0.10652173913043476,0.10652173913043476,0.064,0.31191432396251684,301400000.0
7.2,3.3,2.04,276200000.0,110700000.0,1,2010-06-30,"31 Mar, 2011",2010-08-20,3.5%,1.0,7.2,3.3,2.04,7.2,0.23799999999999996,0.23799999999999996,2.04,1.925,0.12363636363636361,0.12363636363636361,0.08399999999999999,1.4162436548223356,365900000.0
6.7,0.0,2.09,297000000.0,102300000.0,2,2010-09-30,"31 Mar, 2011",2010-11-22,3.2%,1.0,6.7,0.0,2.09,6.7,0.25399999999999995,0.25399999999999995,2.09,1.97,0.12893401015228423,0.12893401015228423,0.08399999999999999,1.2280701754385972,390200000.0
7.3,3.7,2.15,285000000.0,111100000.0,3,2010-12-31,"31 Mar, 2011",2011-02-21,3.4%,1.0,7.3,3.7,2.15,7.3,0.26199999999999996,0.26199999999999996,2.15,2.03,0.129064039408867,0.129064039408867,0.07,0.7823129251700682,401400000.0
5.5,0.0,2.17,270500000.0,84900000.0,4,2011-03-31,"31 Mar, 2011",2011-05-25,2.5%,1.0,5.5,0.0,2.17,5.5,0.26699999999999996,0.26699999999999996,2.17,2.035,0.13120393120393117,0.13120393120393117,0.07,0.3622448979591839,409000000.0
8.5,5.6,2.27,309800000.0,129600000.0,1,2011-06-30,"31 Mar, 2012",2011-08-16,3.7%,1.0,8.5,5.6,2.27,8.5,0.2799999999999999,0.2799999999999999,2.27,2.1550000000000002,0.12993039443155446,0.12993039443155446,0.09300000000000001,0.17647058823529393,427900000.0
7.9,0.0,2.32,314600000.0,121000000.0,2,2011-09-30,"31 Mar, 2012",2011-11-16,3.4%,1.0,7.9,0.0,2.32,7.9,0.292,0.292,2.32,2.205,0.13242630385487528,0.13242630385487528,0.09300000000000001,0.1496062992125986,446600000.0
7.9,7.7,2.39,311400000.0,121300000.0,3,2011-12-31,"31 Mar, 2012",2012-02-21,3.3%,1.0,7.9,7.7,2.39,7.9,0.298,0.298,2.39,2.27,0.13127753303964756,0.13127753303964756,0.133,0.13740458015267198,456800000.0
7.1,0.0,2.37,314600000.0,107600000.0,4,2012-03-31,"31 Mar, 2012",2012-05-23,3.0%,1.0,7.1,0.0,2.37,7.1,0.31399999999999995,0.31399999999999995,2.37,2.27,0.1383259911894273,0.1383259911894273,0.133,0.17602996254681647,479500000.0
8.2,6.6,2.51,319300000.0,124500000.0,1,2012-06-30,"31 Mar, 2013",2012-08-15,3.3%,1.0,8.2,6.6,2.51,8.2,0.31099999999999994,0.31099999999999994,2.51,2.3899999999999997,0.13012552301255229,0.13012552301255229,0.14300000000000002,0.11071428571428577,474400000.0
9.3,0.0,2.52,339000000.0,141900000.0,2,2012-09-30,"31 Mar, 2013",2012-11-20,3.7%,1.0,9.3,0.0,2.52,9.3,0.325,0.325,2.52,2.42,0.13429752066115702,0.13429752066115702,0.14300000000000002,0.1130136986301371,495300000.0
8.7,10.0,2.62,319700000.0,132700000.0,3,2012-12-31,"31 Mar, 2013",2013-02-19,3.3%,1.0,8.7,10.0,2.62,8.7,0.33299999999999996,0.33299999999999996,2.62,2.505,0.13293413173652693,0.13293413173652693,0.166,0.1174496644295302,506700000.0
9.1,0.0,2.6,355000000.0,138800000.0,4,2013-03-31,"31 Mar, 2013",2013-05-21,3.5%,1.0,9.1,0.0,2.6,9.1,0.3529999999999999,0.3529999999999999,2.6,2.4850000000000003,0.14205231388329975,0.14205231388329975,0.166,0.12420382165605082,537900000.0
9.0,7.5,2.68,364200000.0,137800000.0,1,2013-06-30,"31 Mar, 2014",2013-08-06,3.4%,1.0,9.0,7.5,2.68,9.0,0.36099999999999993,0.36099999999999993,2.68,2.5949999999999998,0.13911368015414258,0.13911368015414258,0.175,0.16077170418006426,551200000.0
8.6,0.0,2.67,314700000.0,131200000.0,2,2013-09-30,"31 Mar, 2014",2013-11-29,3.2%,1.0,8.6,0.0,2.67,8.6,0.3539999999999999,0.3539999999999999,2.67,2.5949999999999998,0.13641618497109825,0.13641618497109825,0.175,0.089230769230769,540500000.0
9.0,0.0,2.6,328600000.0,136500000.0,3,2013-12-31,"31 Mar, 2014",2014-02-13,3.5%,1.0,9.0,0.0,2.6,9.0,0.357,0.357,2.6,2.6100000000000003,0.13678160919540228,0.13678160919540228,0.07500000000000001,0.07207207207207222,544300000.0
10.4,10.5,2.69,341400000.0,158000000.0,4,2014-03-31,"31 Mar, 2014",2014-05-22,3.9%,1.0,10.4,10.5,2.69,10.4,0.36999999999999994,0.36999999999999994,2.69,2.645,0.13988657844990546,0.13988657844990546,0.18,0.04815864022662897,563500000.0
8.6,0.0,2.68,336700000.0,130800000.0,1,2014-06-30,"31 Mar, 2015",2014-08-11,3.2%,1.0,8.6,0.0,2.68,8.6,0.36599999999999994,0.36599999999999994,2.68,2.68,0.13656716417910444,0.13656716417910444,0.10500000000000002,0.013850415512465464,556500000.0
11.9,9.0,2.82,390100000.0,180300000.0,2,2014-09-30,"31 Mar, 2015",2014-11-26,4.2%,1.0,11.9,9.0,2.82,11.9,0.3989999999999999,0.3989999999999999,2.82,2.745,0.14535519125683055,0.14535519125683055,0.195,0.1271186440677965,605600000.0
8.3,0.0,2.8,349800000.0,126400000.0,3,2014-12-31,"31 Mar, 2015",2015-02-16,3.0%,1.0,8.3,0.0,2.8,8.3,0.39199999999999996,0.39199999999999996,2.8,2.7,0.14518518518518517,0.14518518518518517,0.195,0.09803921568627438,595500000.0
6.1,6.4,2.9,306000000.0,93300000.0,4,2015-03-31,"31 Mar, 2015",2015-05-27,2.1%,1.0,6.1,6.4,2.9,6.1,0.3489999999999999,0.3489999999999999,2.9,2.795,0.124865831842576,0.124865831842576,0.15400000000000003,-0.05675675675675684,530800000.0
8.0,0.0,2.92,344300000.0,121900000.0,1,2015-06-30,"31 Mar, 2016",2015-08-18,2.7%,1.0,8.0,0.0,2.92,8.0,0.34299999999999997,0.34299999999999997,2.92,2.8,0.1225,0.1225,0.15400000000000003,-0.06284153005464477,521900000.0
8.8,8.0,2.98,365900000.0,134700000.0,2,2015-09-30,"31 Mar, 2016",2015-11-27,3.0%,1.0,8.8,8.0,2.98,8.8,0.31199999999999994,0.31199999999999994,2.98,2.9,0.10758620689655171,0.10758620689655171,0.14400000000000002,-0.21804511278195482,476300000.0
8.9,0.0,3.02,361200000.0,135600000.0,3,2015-12-31,"31 Mar, 2016",2016-02-22,2.9%,1.0,8.9,0.0,3.02,8.9,0.31799999999999995,0.31799999999999995,3.02,2.91,0.10927835051546389,0.10927835051546389,0.14400000000000002,-0.18877551020408168,485500000.0
8.5,6.5,3.13,492800000.0,129800000.0,4,2016-03-31,"31 Mar, 2016",2016-05-26,2.7%,1.0,8.5,6.5,3.13,8.5,0.34199999999999997,0.34199999999999997,3.13,3.0149999999999997,0.11343283582089553,0.11343283582089553,0.14500000000000002,-0.02005730659025773,522000000.0
8.7,0.0,3.16,474900000.0,132500000.0,1,2016-06-30,"31 Mar, 2017",2016-08-22,2.8%,1.0,8.7,0.0,3.16,8.7,0.3489999999999999,0.3489999999999999,3.16,3.04,0.11480263157894734,0.11480263157894734,0.14500000000000002,0.017492711370262315,532600000.0
8.7,8.5,3.27,359700000.0,132600000.0,2,2016-09-30,"31 Mar, 2017",2016-11-29,2.7%,1.0,8.7,8.5,3.27,8.7,0.348,0.348,3.27,3.125,0.11135999999999999,0.11135999999999999,0.15000000000000002,0.11538461538461542,530500000.0
8.5,0.0,3.22,378600000.0,129700000.0,3,2016-12-31,"31 Mar, 2017",2017-02-22,2.6%,1.0,8.5,0.0,3.22,8.5,0.3439999999999999,0.3439999999999999,3.22,3.12,0.11025641025641023,0.11025641025641023,0.15000000000000002,0.08176100628930816,524600000.0
7.7,7.5,3.3,367300000.0,117400000.0,4,2017-03-31,"31 Mar, 2017",2017-05-31,2.3%,1.0,7.7,7.5,3.3,7.7,0.33599999999999997,0.33599999999999997,3.3,3.215,0.10451010886469672,0.10451010886469672,0.16,-0.01754385964912286,512200000.0
8.8,0.0,3.33,386600000.0,135000000.0,1,2017-06-30,"31 Mar, 2018",2017-08-29,2.6%,1.0,8.8,0.0,3.33,8.8,0.33699999999999997,0.33699999999999997,3.33,3.245,0.10385208012326655,0.10385208012326655,0.16,-0.034383954154727725,514700000.0
8.0,0.0,3.43,393900000.0,122800000.0,2,2017-09-30,"31 Mar, 2018",2017-11-30,2.3%,1.0,8.0,0.0,3.43,8.0,0.33,0.33,3.43,3.35,0.09850746268656717,0.09850746268656717,0.07500000000000001,-0.051724137931034364,504900000.0
8.0,0.0,3.44,388000000.0,122600000.0,3,2017-12-31,"31 Mar, 2018",2018-02-26,2.3%,1.0,8.0,0.0,3.44,8.0,0.325,0.325,3.44,3.33,0.0975975975975976,0.0975975975975976,0.07500000000000001,-0.05523255813953465,497800000.0
7.3,6.8,3.53,403500000.0,112900000.0,4,2018-03-31,"31 Mar, 2018",2018-05-31,2.1%,1.0,7.3,6.8,3.53,7.3,0.32099999999999995,0.32099999999999995,3.53,3.415,0.09399707174231331,0.09399707174231331,0.06800000000000002,-0.044642857142857206,493300000.0
8.8,0.0,3.48,401100000.0,136400000.0,1,2018-06-30,"31 Mar, 2019",2018-08-30,2.5%,1.0,8.8,0.0,3.48,8.8,0.32099999999999995,0.32099999999999995,3.48,3.4050000000000002,0.09427312775330395,0.09427312775330395,0.06800000000000002,-0.04747774480712175,494700000.0
9.1,8.5,3.59,399200000.0,140500000.0,2,2018-09-30,"31 Mar, 2019",2018-11-29,2.5%,1.0,9.1,8.5,3.59,9.1,0.33199999999999996,0.33199999999999996,3.59,3.51,0.09458689458689458,0.09458689458689458,0.153,0.006060606060605878,512400000.0
9.6,0.0,3.6,418400000.0,148900000.0,3,2018-12-31,"31 Mar, 2019",2019-02-28,2.7%,1.0,9.6,0.0,3.6,9.6,0.348,0.348,3.6,3.52,0.09886363636363636,0.09886363636363636,0.153,0.0707692307692307,538700000.0
7.2,8.2,3.7,403400000.0,111800000.0,4,2019-03-31,"31 Mar, 2019",2019-05-29,1.9%,1.0,7.2,8.2,3.7,7.2,0.347,0.347,3.7,3.615,0.09598893499308436,0.09598893499308436,0.16699999999999998,0.0809968847352025,537600000.0
5.0,0.0,3.69,406900000.0,76700000.0,1,2019-06-30,"31 Mar, 2020",2019-08-27,1.4%,1.0,5.0,0.0,3.69,5.0,0.30899999999999994,0.30899999999999994,3.69,3.585,0.08619246861924684,0.08619246861924684,0.16699999999999998,-0.03738317757009346,477900000.0
7.5,6.0,3.8,429300000.0,115500000.0,2,2019-09-30,"31 Mar, 2020",2019-11-27,2.0%,1.0,7.5,6.0,3.8,7.5,0.293,0.293,3.8,3.695,0.07929634641407307,0.07929634641407307,0.142,-0.1174698795180722,452900000.0
8.7,0.0,3.82,424300000.0,134000000.0,3,2019-12-31,"31 Mar, 2020",2020-02-28,2.3%,1.0,8.7,0.0,3.82,8.7,0.284,0.284,3.82,3.71,0.0765498652291105,0.0765498652291105,0.142,-0.1839080459770115,438000000.0
6.3,0.0,3.87,434400000.0,98100000.0,4,2020-03-31,"31 Mar, 2020",2020-06-25,1.6%,1.0,6.3,0.0,3.87,6.3,0.27499999999999997,0.27499999999999997,3.87,3.785,0.07265521796565388,0.07265521796565388,0.06,-0.20749279538904908,424300000.0
6.7,0.0,4.03,421600000.0,104300000.0,1,2020-06-30,"31 Mar, 2021",2020-08-27,1.7%,1.0,6.7,0.0,4.03,6.7,0.292,0.292,4.03,3.8600000000000003,0.07564766839378237,0.07564766839378237,0.06,-0.055016181229773364,451900000.0
6.7,0.0,4.14,474400000.0,103900000.0,2,2020-09-30,"31 Mar, 2021",2020-11-27,1.6%,1.0,6.7,0.0,4.14,6.7,0.284,0.284,4.14,3.9699999999999998,0.07153652392947103,0.07153652392947103,0.0,-0.030716723549488067,440300000.0
6.5,0.0,4.16,475700000.0,100500000.0,3,2020-12-31,"31 Mar, 2021",2021-02-26,1.6%,1.0,6.5,0.0,4.16,6.5,0.26199999999999996,0.26199999999999996,4.16,3.99,0.0656641604010025,0.0656641604010025,0.0,-0.07746478873239449,406800000.0
3.23,5.79,4.04,445800000.0,50100000.0,4,2021-03-31,"31 Mar, 2021",2021-05-31,0.8%,1.0,3.23,5.79,4.04,3.23,0.23129999999999995,0.23129999999999995,4.04,3.955,0.05848293299620732,0.05848293299620732,0.0579,-0.158909090909091,358800000.0
9.43,0.0,4.09,483000000.0,146000000.0,1,2021-06-30,"31 Mar, 2022",2021-08-27,2.3%,1.0,9.43,0.0,4.09,10.477777777777778,0.25859999999999994,0.26907777777777775,4.09,4.0600000000000005,0.06369458128078816,0.06627531472359056,0.0579,-0.11438356164383578,400500000.0
11.16,8.3,4.16,453000000.0,172700000.0,2,2021-09-30,"31 Mar, 2022",2021-11-26,2.7%,1.0,11.16,8.3,4.16,12.4,0.30319999999999997,0.32607777777777774,4.16,4.15,0.07306024096385541,0.07857295850066932,0.1409,0.06760563380281681,469300000.0
9.76,0.0,4.14,480200000.0,151000000.0,3,2021-12-31,"31 Mar, 2022",2022-02-28,2.4%,1.0,9.76,0.0,4.14,10.844444444444443,0.3358,0.3695222222222222,4.14,4.15,0.0809156626506024,0.08904149933065594,0.1409,0.2816793893129772,519800000.0
6.66,10.2,4.14,451500000.0,103000000.0,4,2022-03-31,"31 Mar, 2022",2022-05-31,1.6%,1.0,6.66,10.2,4.14,7.4,0.3701,0.41122222222222216,4.14,4.09,0.09048899755501222,0.10054333061668023,0.185,0.6000864677907483,572700000.0
13.7,0.0,4.09,474100000.0,212200000.0,1,2022-06-30,"31 Mar, 2023",2022-08-30,3.3%,1.0,13.7,0.0,4.09,13.7,0.41279999999999994,0.4434444444444444,4.09,4.09,0.10092909535452321,0.10842162455854387,0.185,0.5962877030162415,638900000.0
10.23,12.0,4.19,480600000.0,158400000.0,2,2022-09-30,"31 Mar, 2023",2022-11-29,2.4%,1.0,10.23,12.0,4.19,10.23,0.40349999999999997,0.4217444444444444,4.19,4.175000000000001,0.09664670658682632,0.10101663339986691,0.222,0.3308047493403694,624600000.0
11.44,0.0,4.23,496500000.0,177100000.0,3,2022-12-31,"31 Mar, 2023",2023-02-28,2.7%,1.0,11.44,0.0,4.23,11.44,0.4203,0.42769999999999997,4.23,4.1850000000000005,0.10043010752688171,0.10219832735961766,0.222,0.25163787969029183,650700000.0
8.41,10.0,4.36,468600000.0,130200000.0,4,2023-03-31,"31 Mar, 2023",2023-05-30,1.9%,1.0,8.41,10.0,4.36,8.41,0.43779999999999997,0.4378,4.36,4.25,0.10301176470588234,0.10301176470588236,0.22,0.18292353417995133,677900000.0
9.72,0.0,4.36,466300000.0,150500000.0,1,2023-06-30,"31 Mar, 2024",2023-08-29,2.2%,1.0,9.72,0.0,4.36,9.72,0.39799999999999996,0.39799999999999996,4.36,4.225,0.09420118343195266,0.09420118343195266,0.22,-0.035852713178294526,616200000.0
11.97,10.85,4.47,528100000.0,185300000.0,2,2023-09-30,"31 Mar, 2024",2023-11-30,2.7%,1.0,11.97,10.85,4.47,11.97,0.41539999999999994,0.4154,4.47,4.33,0.0959353348729792,0.09593533487297921,0.20850000000000002,0.029491945477075454,643100000.0
11.42,0.0,4.51,509900000.0,176900000.0,3,2023-12-31,"31 Mar, 2024",2024-02-27,2.5%,1.0,11.42,0.0,4.51,11.42,0.41519999999999996,0.41519999999999996,4.51,4.37,0.09501144164759724,0.09501144164759724,0.20850000000000002,-0.01213418986438275,642900000.0
11.48,11.45,4.63,516200000.00000006,177700000.0,4,2024-03-31,"31 Mar, 2024",2024-05-30,2.5%,1.0,11.48,11.45,4.63,11.48,0.4459,0.4459,4.63,4.495,0.09919911012235817,0.09919911012235817,0.22299999999999998,0.01850159890360903,690400000.0
11.41,0.0,4.63,539800000.0,176700000.0,1,2024-06-30,"31 Mar, 2025",2024-08-29,2.5%,1.0,11.41,0.0,4.63,11.41,0.46279999999999993,0.46279999999999993,4.63,4.495,0.10295884315906562,0.10295884315906562,0.22299999999999998,0.16281407035175866,716600000.0
12.27,9.5,4.79,605600000.0,189900000.0,2,2024-09-30,"31 Mar, 2025",2024-11-28,2.6%,1.0,12.27,9.5,4.79,12.27,0.4658,0.4658,4.79,4.63,0.10060475161987041,0.10060475161987041,0.2095,0.12132883967260488,721200000.0
12.06,0.0,4.79,561300000.0,186700000.0,3,2024-12-31,"31 Mar, 2025",2025-02-27,2.5%,1.0,12.06,0.0,4.79,12.06,0.4722,0.4722,4.79,4.65,0.10154838709677419,0.10154838709677419,0.2095,0.13728323699421985,731000000.0
12.76,9.9,4.95,563200000.0,197500000.0,4,2025-03-31,"31 Mar, 2025",2025-05-27,2.6%,1.0,12.76,9.9,4.95,12.76,0.485,0.485,4.95,4.79,0.10125260960334029,0.10125260960334029,0.19399999999999998,0.08768782238169992,750800000.0
12.83,0.0,5.04,615300000.0,198700000.0,1,2025-06-30,"31 Mar, 2026",2025-08-27,2.5%,1.0,12.83,0.0,5.04,12.83,0.4991999999999999,0.4991999999999999,5.04,4.835,0.10324715615305066,0.10324715615305066,0.19399999999999998,0.0786516853932584,772800000.0
12.13,9.37,4.98,626200000.0,206600000.0,2,2025-09-30,"31 Mar, 2026",2025-11-25,2.4%,1.0,12.13,9.37,4.98,12.13,0.4978,0.4978,4.98,4.885,0.10190378710337769,0.10190378710337769,0.19269999999999998,0.06869901245169596,789500000.0
12.44,0.0,5.0,631600000.0,215200000.0,3,2025-12-31,"31 Mar, 2026",2026-02-25,2.5%,1.0,12.44,0.0,5.0,12.44,0.5015999999999999,0.5015999999999999,5.0,4.895,0.10247191011235955,0.10247191011235955,0.19269999999999998,0.06226175349428198,818000000.0
11.91,9.74,5.1,593100000.0,206000000.0,4,2026-03-31,"31 Mar, 2026",2026-05-22,2.3%,1.0,11.91,9.74,5.1,11.91,0.49310000000000004,0.49310000000000004,5.1,5.025,0.09812935323383085,0.09812935323383085,0.1911,0.01670103092783526,826500000.0
14.35,0.0,5.14,630900000.0,248300000.0,1,2026-06-30,"31 Mar, 2027",2026-08-26,2.8%,1.0,14.35,0.0,5.14,14.35,0.5083,0.5083,5.14,5.09,0.09986247544204321,0.09986247544204321,0.1911,0.01822916666666674,876100000.0
