announced,date_change,type,shares,name
29 Sep 2026,28 Sep 2026,Acquired,"772,800",KUMPULAN WANG PERSARAAN (DIPERBADANKAN)
29 Sep 2026,24 Sep 2026,Disposed,"8,617,400",EMPLOYEES PROVIDENT FUND BOARD
28 Sep 2026,23 Sep 2026,Disposed,"2,994,500",EMPLOYEES PROVIDENT FUND BOARD
28 Sep 2026,25 Sep 2026,Acquired,"1,000,000",KUMPULAN WANG PERSARAAN (DIPERBADANKAN)
25 Sep 2026,22 Sep 2026,Disposed,"5,813,100",EMPLOYEES PROVIDENT FUND BOARD
25 Sep 2026,22 Sep 2026,Acquired,"1,026,900",EMPLOYEES PROVIDENT FUND BOARD
23 Sep 2026,18 Sep 2026,Acquired,"1,159,800",EMPLOYEES PROVIDENT FUND BOARD
23 Sep 2026,22 Sep 2026,Acquired,"1,000,000",KUMPULAN WANG PERSARAAN (DIPERBADANKAN)
23 Sep 2026,22 Sep 2026,Acquired,"25,000",KUMPULAN WANG PERSARAAN (DIPERBADANKAN)
22 Sep 2026,17 Sep 2026,Acquired,"1,003,300",EMPLOYEES PROVIDENT FUND BOARD
21 Sep 2026,15 Sep 2026,Disposed,"6,278,500",EMPLOYEES PROVIDENT FUND BOARD
21 Sep 2026,15 Sep 2026,Acquired,"18,900",EMPLOYEES PROVIDENT FUND BOARD
18 Sep 2026,14 Sep 2026,Disposed,"3,424,100",EMPLOYEES PROVIDENT FUND BOARD
18 Sep 2026,14 Sep 2026,Acquired,"297,500",EMPLOYEES PROVIDENT FUND BOARD
17 Sep 2026,11 Sep 2026,Disposed,"4,014,900",EMPLOYEES PROVIDENT FUND BOARD
17 Sep 2026,11 Sep 2026,Acquired,"1,644,900",EMPLOYEES PROVIDENT FUND BOARD
15 Sep 2026,14 Sep 2026,Acquired,"174,100",KUMPULAN WANG PERSARAAN (DIPERBADANKAN)
14 Sep 2026,11 Sep 2026,Acquired,"1,500,000",KUMPULAN WANG PERSARAAN (DIPERBADANKAN)
14 Sep 2026,09 Sep 2026,Disposed,"17,102,400",EMPLOYEES PROVIDENT FUND BOARD
14 Sep 2026,09 Sep 2026,Acquired,"15,200,000",EMPLOYEES PROVIDENT FUND BOARD
11 Sep 2026,10 Sep 2026,Acquired,"1,000,000",KUMPULAN WANG PERSARAAN (DIPERBADANKAN)
11 Sep 2026,10 Sep 2026,Acquired,"338,000",KUMPULAN WANG PERSARAAN (DIPERBADANKAN)
11 Sep 2026,08 Sep 2026,Disposed,"14,746,400",EMPLOYEES PROVIDENT FUND BOARD
11 Sep 2026,08 Sep 2026,Acquired,"2,804,700",EMPLOYEES PROVIDENT FUND BOARD
11 Sep 2026,08 Sep 2026,Acquired,"1,372,000",EMPLOYEES PROVIDENT FUND BOARD
10 Sep 2026,07 Sep 2026,Disposed,"11,047,800",EMPLOYEES PROVIDENT FUND BOARD
10 Sep 2026,09 Sep 2026,Acquired,"1,000,000",KUMPULAN WANG PERSARAAN (DIPERBADANKAN)
10 Sep 2026,09 Sep 2026,Disposed,"665,000",KUMPULAN WANG PERSARAAN (DIPERBADANKAN)
09 Sep 2026,08 Sep 2026,Acquired,"6,000,000",KUMPULAN WANG PERSARAAN (DIPERBADANKAN)
09 Sep 2026,08 Sep 2026,Acquired,"2,500,000",KUMPULAN WANG PERSARAAN (DIPERBADANKAN)
09 Sep 2026,04 Sep 2026,Disposed,"8,470,600",EMPLOYEES PROVIDENT FUND BOARD
09 Sep 2026,04 Sep 2026,Acquired,"102,200",EMPLOYEES PROVIDENT FUND BOARD
09 Sep 2026,04 Sep 2026,Acquired,"6,413,600",EMPLOYEES PROVIDENT FUND BOARD
08 Sep 2026,07 Sep 2026,Acquired,"1,000,000",KUMPULAN WANG PERSARAAN (DIPERBADANKAN)
08 Sep 2026,03 Sep 2026,Disposed,"5,500,000",EMPLOYEES PROVIDENT FUND BOARD
08 Sep 2026,03 Sep 2026,Acquired,"700,000",EMPLOYEES PROVIDENT FUND BOARD
08 Sep 2026,03 Sep 2026,Acquired,"5,094,000",EMPLOYEES PROVIDENT FUND BOARD
07 Sep 2026,04 Sep 2026,Acquired,"1,000,000",KUMPULAN WANG PERSARAAN (DIPERBADANKAN)
07 Sep 2026,02 Sep 2026,Acquired,"1,000,000",EMPLOYEES PROVIDENT FUND BOARD
04 Sep 2026,01 Sep 2026,Acquired,"1,000,000",EMPLOYEES PROVIDENT FUND BOARD
04 Sep 2026,03 Sep 2026,Acquired,"575,000",KUMPULAN WANG PERSARAAN (DIPERBADANKAN)
03 Sep 2026,02 Sep 2026,Acquired,"2,000,000",KUMPULAN WANG PERSARAAN (DIPERBADANKAN)
03 Sep 2026,28 Aug 2026,Disposed,"3,000,000",EMPLOYEES PROVIDENT FUND BOARD
03 Sep 2026,28 Aug 2026,Disposed,"1,741,800",EMPLOYEES PROVIDENT FUND BOARD
03 Sep 2026,28 Aug 2026,Acquired,"4,839,900",EMPLOYEES PROVIDENT FUND BOARD
02 Sep 2026,27 Aug 2026,Disposed,"1,181,500",EMPLOYEES PROVIDENT FUND BOARD
02 Sep 2026,27 Aug 2026,Acquired,"7,000,000",EMPLOYEES PROVIDENT FUND BOARD
02 Sep 2026,27 Aug 2026,Disposed,"2,541,000",EMPLOYEES PROVIDENT FUND BOARD
02 Sep 2026,27 Aug 2026,Acquired,"1,931,800",EMPLOYEES PROVIDENT FUND BOARD
02 Sep 2026,01 Sep 2026,Acquired,"1,000,000",KUMPULAN WANG PERSARAAN (DIPERBADANKAN)
01 Sep 2026,26 Aug 2026,Disposed,"11,000,000",EMPLOYEES PROVIDENT FUND BOARD
01 Sep 2026,26 Aug 2026,Acquired,"4,527,600",EMPLOYEES PROVIDENT FUND BOARD
01 Sep 2026,26 Aug 2026,Acquired,"3,000,000",EMPLOYEES PROVIDENT FUND BOARD
01 Sep 2026,28 Aug 2026,Acquired,"1,000,000",KUMPULAN WANG PERSARAAN (DIPERBADANKAN)
28 Aug 2026,27 Aug 2026,Acquired,"900,000",KUMPULAN WANG PERSARAAN (DIPERBADANKAN)
27 Aug 2026,21 Aug 2026,Disposed,"845,300",EMPLOYEES PROVIDENT FUND BOARD
27 Aug 2026,21 Aug 2026,Disposed,"528,700",EMPLOYEES PROVIDENT FUND BOARD
26 Aug 2026,20 Aug 2026,Disposed,"5,707,900",EMPLOYEES PROVIDENT FUND BOARD
26 Aug 2026,20 Aug 2026,Acquired,"2,962,500",EMPLOYEES PROVIDENT FUND BOARD
24 Aug 2026,19 Aug 2026,Disposed,"42,000",EMPLOYEES PROVIDENT FUND BOARD
24 Aug 2026,21 Aug 2026,Disposed,"426,800",KUMPULAN WANG PERSARAAN (DIPERBADANKAN)
21 Aug 2026,18 Aug 2026,Acquired,"5,205,900",EMPLOYEES PROVIDENT FUND BOARD
20 Aug 2026,17 Aug 2026,Disposed,"3,018,200",EMPLOYEES PROVIDENT FUND BOARD
20 Aug 2026,17 Aug 2026,Disposed,"2,137,100",EMPLOYEES PROVIDENT FUND BOARD
20 Aug 2026,17 Aug 2026,Acquired,"8,000,000",EMPLOYEES PROVIDENT FUND BOARD
19 Aug 2026,14 Aug 2026,Disposed,"247,300",EMPLOYEES PROVIDENT FUND BOARD
19 Aug 2026,14 Aug 2026,Disposed,"1,944,300",EMPLOYEES PROVIDENT FUND BOARD
19 Aug 2026,14 Aug 2026,Acquired,"4,015,100",EMPLOYEES PROVIDENT FUND BOARD
18 Aug 2026,13 Aug 2026,Disposed,"1,400,000",EMPLOYEES PROVIDENT FUND BOARD
18 Aug 2026,13 Aug 2026,Acquired,"3,974,300",EMPLOYEES PROVIDENT FUND BOARD
18 Aug 2026,17 Aug 2026,Disposed,"2,500,000",KUMPULAN WANG PERSARAAN (DIPERBADANKAN)
17 Aug 2026,12 Aug 2026,Disposed,"275,000",EMPLOYEES PROVIDENT FUND BOARD
17 Aug 2026,12 Aug 2026,Disposed,"1,064,800",EMPLOYEES PROVIDENT FUND BOARD
17 Aug 2026,12 Aug 2026,Acquired,"4,000,000",EMPLOYEES PROVIDENT FUND BOARD
17 Aug 2026,12 Aug 2026,Acquired,"10,600",EMPLOYEES PROVIDENT FUND BOARD
14 Aug 2026,11 Aug 2026,Disposed,"1,274,400",EMPLOYEES PROVIDENT FUND BOARD
13 Aug 2026,10 Aug 2026,Disposed,"2,803,400",EMPLOYEES PROVIDENT FUND BOARD
13 Aug 2026,10 Aug 2026,Acquired,"500,000",EMPLOYEES PROVIDENT FUND BOARD
12 Aug 2026,07 Aug 2026,Disposed,"1,577,700",EMPLOYEES PROVIDENT FUND BOARD
12 Aug 2026,07 Aug 2026,Acquired,"1,964,300",EMPLOYEES PROVIDENT FUND BOARD
12 Aug 2026,07 Aug 2026,Disposed,"1,702,600",EMPLOYEES PROVIDENT FUND BOARD
11 Aug 2026,06 Aug 2026,Acquired,"252,300",EMPLOYEES PROVIDENT FUND BOARD
10 Aug 2026,05 Aug 2026,Disposed,"5,265,000",EMPLOYEES PROVIDENT FUND BOARD
10 Aug 2026,05 Aug 2026,Disposed,"263,700",EMPLOYEES PROVIDENT FUND BOARD
10 Aug 2026,05 Aug 2026,Acquired,"500,000",EMPLOYEES PROVIDENT FUND BOARD
07 Aug 2026,04 Aug 2026,Acquired,"1,400,000",EMPLOYEES PROVIDENT FUND BOARD
07 Aug 2026,04 Aug 2026,Acquired,"500,000",EMPLOYEES PROVIDENT FUND BOARD
07 Aug 2026,04 Aug 2026,Disposed,"1,218,800",EMPLOYEES PROVIDENT FUND BOARD
07 Aug 2026,06 Aug 2026,Disposed,"2,168,300",KUMPULAN WANG PERSARAAN (DIPERBADANKAN)
06 Aug 2026,03 Aug 2026,Disposed,"5,945,000",EMPLOYEES PROVIDENT FUND BOARD
06 Aug 2026,05 Aug 2026,Acquired,"2,500,000",KUMPULAN WANG PERSARAAN (DIPERBADANKAN)
05 Aug 2026,04 Aug 2026,Disposed,"1,500,000",KUMPULAN WANG PERSARAAN (DIPERBADANKAN)
05 Aug 2026,31 Jul 2026,Disposed,"2,000,000",EMPLOYEES PROVIDENT FUND BOARD
05 Aug 2026,31 Jul 2026,Disposed,"6,710,200",EMPLOYEES PROVIDENT FUND BOARD
05 Aug 2026,31 Jul 2026,Disposed,"1,189,000",EMPLOYEES PROVIDENT FUND BOARD
04 Aug 2026,30 Jul 2026,Disposed,"8,344,800",EMPLOYEES PROVIDENT FUND BOARD
04 Aug 2026,30 Jul 2026,Disposed,"1,000,000",EMPLOYEES PROVIDENT FUND BOARD
04 Aug 2026,30 Jul 2026,Acquired,"150,000",EMPLOYEES PROVIDENT FUND BOARD
03 Aug 2026,29 Jul 2026,Disposed,"151,100",EMPLOYEES PROVIDENT FUND BOARD
03 Aug 2026,29 Jul 2026,Disposed,"1,168,900",EMPLOYEES PROVIDENT FUND BOARD
03 Aug 2026,31 Jul 2026,Acquired,"2,000,000",KUMPULAN WANG PERSARAAN (DIPERBADANKAN)
31 Jul 2026,28 Jul 2026,Acquired,"4,000,000",EMPLOYEES PROVIDENT FUND BOARD
31 Jul 2026,30 Jul 2026,Acquired,"2,000,000",KUMPULAN WANG PERSARAAN (DIPERBADANKAN)
30 Jul 2026,29 Jul 2026,Acquired,"2,000,000",KUMPULAN WANG PERSARAAN (DIPERBADANKAN)
30 Jul 2026,27 Jul 2026,Acquired,"4,500,000",EMPLOYEES PROVIDENT FUND BOARD
29 Jul 2026,28 Jul 2026,Disposed,"3,000,000",KUMPULAN WANG PERSARAAN (DIPERBADANKAN)
29 Jul 2026,24 Jul 2026,Disposed,"2,000,000",EMPLOYEES PROVIDENT FUND BOARD
29 Jul 2026,24 Jul 2026,Acquired,"1,500,000",EMPLOYEES PROVIDENT FUND BOARD
29 Jul 2026,24 Jul 2026,Acquired,"300,000",EMPLOYEES PROVIDENT FUND BOARD
29 Jul 2026,24 Jul 2026,Disposed,"2,625,000",EMPLOYEES PROVIDENT FUND BOARD
28 Jul 2026,23 Jul 2026,Disposed,"1,556,700",EMPLOYEES PROVIDENT FUND BOARD
27 Jul 2026,24 Jul 2026,Acquired,"500,000",KUMPULAN WANG PERSARAAN (DIPERBADANKAN)
27 Jul 2026,24 Jul 2026,Disposed,"3,000,000",KUMPULAN WANG PERSARAAN (DIPERBADANKAN)
27 Jul 2026,22 Jul 2026,Disposed,"3,000,000",EMPLOYEES PROVIDENT FUND BOARD
27 Jul 2026,22 Jul 2026,Disposed,"7,000,000",EMPLOYEES PROVIDENT FUND BOARD
27 Jul 2026,22 Jul 2026,Acquired,"500,000",EMPLOYEES PROVIDENT FUND BOARD
27 Jul 2026,22 Jul 2026,Acquired,"4,362,200",EMPLOYEES PROVIDENT FUND BOARD
24 Jul 2026,21 Jul 2026,Acquired,"400,000",EMPLOYEES PROVIDENT FUND BOARD
24 Jul 2026,21 Jul 2026,Disposed,"1,281,800",EMPLOYEES PROVIDENT FUND BOARD
23 Jul 2026,20 Jul 2026,Disposed,"3,600,000",EMPLOYEES PROVIDENT FUND BOARD
23 Jul 2026,20 Jul 2026,Disposed,"3,000,000",EMPLOYEES PROVIDENT FUND BOARD
23 Jul 2026,20 Jul 2026,Disposed,"776,000",EMPLOYEES PROVIDENT FUND BOARD
23 Jul 2026,20 Jul 2026,Disposed,"500,000",EMPLOYEES PROVIDENT FUND BOARD
23 Jul 2026,20 Jul 2026,Disposed,"1,461,000",EMPLOYEES PROVIDENT FUND BOARD
22 Jul 2026,17 Jul 2026,Disposed,"3,800,900",EMPLOYEES PROVIDENT FUND BOARD
22 Jul 2026,17 Jul 2026,Disposed,"1,677,200",EMPLOYEES PROVIDENT FUND BOARD
22 Jul 2026,17 Jul 2026,Disposed,"3,000,000",EMPLOYEES PROVIDENT FUND BOARD
22 Jul 2026,17 Jul 2026,Acquired,"1,000,100",EMPLOYEES PROVIDENT FUND BOARD
22 Jul 2026,17 Jul 2026,Disposed,"1,547,600",EMPLOYEES PROVIDENT FUND BOARD
21 Jul 2026,16 Jul 2026,Acquired,"999,900",EMPLOYEES PROVIDENT FUND BOARD
21 Jul 2026,16 Jul 2026,Disposed,"1,442,300",EMPLOYEES PROVIDENT FUND BOARD
20 Jul 2026,15 Jul 2026,Disposed,"5,500,000",EMPLOYEES PROVIDENT FUND BOARD
20 Jul 2026,15 Jul 2026,Disposed,"3,000,000",EMPLOYEES PROVIDENT FUND BOARD
20 Jul 2026,15 Jul 2026,Acquired,"242,200",EMPLOYEES PROVIDENT FUND BOARD
20 Jul 2026,15 Jul 2026,Disposed,"2,743,900",EMPLOYEES PROVIDENT FUND BOARD
20 Jul 2026,15 Jul 2026,Acquired,"884,900",EMPLOYEES PROVIDENT FUND BOARD
17 Jul 2026,16 Jul 2026,Acquired,"3,000,000",KUMPULAN WANG PERSARAAN (DIPERBADANKAN)
17 Jul 2026,16 Jul 2026,Disposed,"2,000,000",KUMPULAN WANG PERSARAAN (DIPERBADANKAN)
17 Jul 2026,14 Jul 2026,Disposed,"7,500,000",EMPLOYEES PROVIDENT FUND BOARD
17 Jul 2026,14 Jul 2026,Acquired,"3,000,000",EMPLOYEES PROVIDENT FUND BOARD
17 Jul 2026,14 Jul 2026,Acquired,"289,400",EMPLOYEES PROVIDENT FUND BOARD
17 Jul 2026,14 Jul 2026,Disposed,"2,788,300",EMPLOYEES PROVIDENT FUND BOARD
16 Jul 2026,13 Jul 2026,Disposed,"5,800,000",EMPLOYEES PROVIDENT FUND BOARD
16 Jul 2026,13 Jul 2026,Disposed,"5,443,600",EMPLOYEES PROVIDENT FUND BOARD
16 Jul 2026,15 Jul 2026,Acquired,"1,500,000",KUMPULAN WANG PERSARAAN (DIPERBADANKAN)
15 Jul 2026,14 Jul 2026,Acquired,"1,500,000",KUMPULAN WANG PERSARAAN (DIPERBADANKAN)
15 Jul 2026,10 Jul 2026,Acquired,"97,700",EMPLOYEES PROVIDENT FUND BOARD
14 Jul 2026,09 Jul 2026,Acquired,"1,539,700",EMPLOYEES PROVIDENT FUND BOARD
13 Jul 2026,08 Jul 2026,Disposed,"5,800,000",EMPLOYEES PROVIDENT FUND BOARD
13 Jul 2026,08 Jul 2026,Acquired,"278,800",EMPLOYEES PROVIDENT FUND BOARD
10 Jul 2026,07 Jul 2026,Disposed,"9,484,100",EMPLOYEES PROVIDENT FUND BOARD
08 Jul 2026,03 Jul 2026,Acquired,"2,000,000",EMPLOYEES PROVIDENT FUND BOARD
07 Jul 2026,02 Jul 2026,Acquired,"763,500",EMPLOYEES PROVIDENT FUND BOARD
06 Jul 2026,01 Jul 2026,Acquired,"1,000,000",EMPLOYEES PROVIDENT FUND BOARD
06 Jul 2026,01 Jul 2026,Acquired,"258,000",EMPLOYEES PROVIDENT FUND BOARD
03 Jul 2026,30 Jun 2026,Acquired,"1,000,000",EMPLOYEES PROVIDENT FUND BOARD
03 Jul 2026,30 Jun 2026,Acquired,"500,000",EMPLOYEES PROVIDENT FUND BOARD
02 Jul 2026,29 Jun 2026,Disposed,"1,572,700",EMPLOYEES PROVIDENT FUND BOARD
02 Jul 2026,29 Jun 2026,Acquired,"1,000,000",EMPLOYEES PROVIDENT FUND BOARD
02 Jul 2026,29 Jun 2026,Acquired,"250,000",EMPLOYEES PROVIDENT FUND BOARD
02 Jul 2026,29 Jun 2026,Disposed,"3,000,000",EMPLOYEES PROVIDENT FUND BOARD
01 Jul 2026,26 Jun 2026,Acquired,"1,000,000",EMPLOYEES PROVIDENT FUND BOARD
01 Jul 2026,26 Jun 2026,Acquired,"268,000",EMPLOYEES PROVIDENT FUND BOARD
30 Jun 2026,25 Jun 2026,Disposed,"10,197,400",EMPLOYEES PROVIDENT FUND BOARD
30 Jun 2026,25 Jun 2026,Acquired,"1,736,500",EMPLOYEES PROVIDENT FUND BOARD
30 Jun 2026,25 Jun 2026,Acquired,"228,000",EMPLOYEES PROVIDENT FUND BOARD
30 Jun 2026,25 Jun 2026,Disposed,"1,999,900",EMPLOYEES PROVIDENT FUND BOARD
30 Jun 2026,25 Jun 2026,Acquired,"2,378,000",EMPLOYEES PROVIDENT FUND BOARD
30 Jun 2026,29 Jun 2026,Acquired,"500,000",KUMPULAN WANG PERSARAAN (DIPERBADANKAN)
29 Jun 2026,24 Jun 2026,Disposed,"5,979,500",EMPLOYEES PROVIDENT FUND BOARD
29 Jun 2026,24 Jun 2026,Acquired,"1,000,000",EMPLOYEES PROVIDENT FUND BOARD
29 Jun 2026,24 Jun 2026,Acquired,"500,000",EMPLOYEES PROVIDENT FUND BOARD
29 Jun 2026,26 Jun 2026,Acquired,"434,000",KUMPULAN WANG PERSARAAN (DIPERBADANKAN)
26 Jun 2026,25 Jun 2026,Acquired,"1,200,000",KUMPULAN WANG PERSARAAN (DIPERBADANKAN)
26 Jun 2026,23 Jun 2026,Disposed,"6,967,300",EMPLOYEES PROVIDENT FUND BOARD
26 Jun 2026,23 Jun 2026,Acquired,"3,500,000",EMPLOYEES PROVIDENT FUND BOARD
26 Jun 2026,23 Jun 2026,Disposed,"4,000,100",EMPLOYEES PROVIDENT FUND BOARD
26 Jun 2026,23 Jun 2026,Acquired,"622,000",EMPLOYEES PROVIDENT FUND BOARD
25 Jun 2026,22 Jun 2026,Disposed,"5,344,400",EMPLOYEES PROVIDENT FUND BOARD
25 Jun 2026,22 Jun 2026,Acquired,"1,000,000",EMPLOYEES PROVIDENT FUND BOARD
25 Jun 2026,24 Jun 2026,Disposed,"1,934,000",KUMPULAN WANG PERSARAAN (DIPERBADANKAN)
24 Jun 2026,19 Jun 2026,Disposed,"3,000,000",EMPLOYEES PROVIDENT FUND BOARD
24 Jun 2026,19 Jun 2026,Acquired,"1,000,000",EMPLOYEES PROVIDENT FUND BOARD
24 Jun 2026,19 Jun 2026,Acquired,"4,000,000",EMPLOYEES PROVIDENT FUND BOARD
24 Jun 2026,19 Jun 2026,Acquired,"800,000",EMPLOYEES PROVIDENT FUND BOARD
23 Jun 2026,18 Jun 2026,Disposed,"6,876,100",EMPLOYEES PROVIDENT FUND BOARD
23 Jun 2026,18 Jun 2026,Acquired,"502,800",EMPLOYEES PROVIDENT FUND BOARD
23 Jun 2026,18 Jun 2026,Acquired,"1,000,000",EMPLOYEES PROVIDENT FUND BOARD
23 Jun 2026,18 Jun 2026,Acquired,"600,000",EMPLOYEES PROVIDENT FUND BOARD
23 Jun 2026,18 Jun 2026,Disposed,"172,300",EMPLOYEES PROVIDENT FUND BOARD
23 Jun 2026,18 Jun 2026,Disposed,"5,000,000",EMPLOYEES PROVIDENT FUND BOARD
23 Jun 2026,18 Jun 2026,Acquired,"1,477,300",EMPLOYEES PROVIDENT FUND BOARD
22 Jun 2026,19 Jun 2026,Acquired,"2,064,500",KUMPULAN WANG PERSARAAN (DIPERBADANKAN)
22 Jun 2026,16 Jun 2026,Disposed,"7,800,000",EMPLOYEES PROVIDENT FUND BOARD
22 Jun 2026,16 Jun 2026,Acquired,"2,892,300",EMPLOYEES PROVIDENT FUND BOARD
22 Jun 2026,16 Jun 2026,Acquired,"1,000,000",EMPLOYEES PROVIDENT FUND BOARD
22 Jun 2026,16 Jun 2026,Acquired,"400,000",EMPLOYEES PROVIDENT FUND BOARD
22 Jun 2026,16 Jun 2026,Acquired,"500,000",EMPLOYEES PROVIDENT FUND BOARD
22 Jun 2026,16 Jun 2026,Acquired,"1,612,600",EMPLOYEES PROVIDENT FUND BOARD
19 Jun 2026,15 Jun 2026,Disposed,"8,000,000",EMPLOYEES PROVIDENT FUND BOARD
19 Jun 2026,15 Jun 2026,Acquired,"1,815,600",EMPLOYEES PROVIDENT FUND BOARD
19 Jun 2026,15 Jun 2026,Acquired,"1,000,000",EMPLOYEES PROVIDENT FUND BOARD
19 Jun 2026,15 Jun 2026,Acquired,"430,000",EMPLOYEES PROVIDENT FUND BOARD
19 Jun 2026,15 Jun 2026,Acquired,"2,000,000",EMPLOYEES PROVIDENT FUND BOARD
19 Jun 2026,15 Jun 2026,Acquired,"750,000",EMPLOYEES PROVIDENT FUND BOARD
19 Jun 2026,15 Jun 2026,Acquired,"2,502,500",EMPLOYEES PROVIDENT FUND BOARD
19 Jun 2026,18 Jun 2026,Acquired,"54,000",MADAM TEOH MEOW CHOO
19 Jun 2026,18 Jun 2026,Acquired,"238,000",MADAM GLADYS LEONG
19 Jun 2026,18 Jun 2026,Acquired,"348,300",MR LIM CHAO LI
19 Jun 2026,18 Jun 2026,Acquired,"10,000",DATO' MOHD HANIF BIN SHER MOHAMED
19 Jun 2026,18 Jun 2026,Acquired,"110,000",MADAM THAM CHAI FHONG
19 Jun 2026,18 Jun 2026,Acquired,"80,000",MADAM CHEAH KIM LING
19 Jun 2026,18 Jun 2026,Acquired,"3,000,000",TAN SRI DATO' SRI DR TAY AH LEK
19 Jun 2026,18 Jun 2026,Acquired,"50,000",MR LAI WAN
18 Jun 2026,12 Jun 2026,Disposed,"8,000,000",EMPLOYEES PROVIDENT FUND BOARD
18 Jun 2026,12 Jun 2026,Acquired,"500,000",EMPLOYEES PROVIDENT FUND BOARD
18 Jun 2026,16 Jun 2026,Acquired,"3,783,800",KUMPULAN WANG PERSARAAN (DIPERBADANKAN)
16 Jun 2026,11 Jun 2026,Disposed,"5,408,000",EMPLOYEES PROVIDENT FUND BOARD
16 Jun 2026,11 Jun 2026,Acquired,"878,000",EMPLOYEES PROVIDENT FUND BOARD
16 Jun 2026,11 Jun 2026,Acquired,"1,000,000",EMPLOYEES PROVIDENT FUND BOARD
15 Jun 2026,10 Jun 2026,Disposed,"5,800,600",EMPLOYEES PROVIDENT FUND BOARD
15 Jun 2026,10 Jun 2026,Acquired,"1,830,400",EMPLOYEES PROVIDENT FUND BOARD
15 Jun 2026,10 Jun 2026,Acquired,"2,000,000",EMPLOYEES PROVIDENT FUND BOARD
15 Jun 2026,10 Jun 2026,Acquired,"200,000",EMPLOYEES PROVIDENT FUND BOARD
12 Jun 2026,09 Jun 2026,Disposed,"250,913,100",THE ESTATE OF THE LATE TAN SRI DATO' SRI DR. TEH HONG PIOW
12 Jun 2026,09 Jun 2026,Disposed,"250,913,100",CONSOLIDATED TEH HOLDINGS SDN BERHAD
12 Jun 2026,09 Jun 2026,Disposed,"4,228,700",EMPLOYEES PROVIDENT FUND BOARD
11 Jun 2026,08 Jun 2026,Disposed,"4,671,800",EMPLOYEES PROVIDENT FUND BOARD
11 Jun 2026,08 Jun 2026,Disposed,"115,100",EMPLOYEES PROVIDENT FUND BOARD
11 Jun 2026,08 Jun 2026,Acquired,"300,000",EMPLOYEES PROVIDENT FUND BOARD
10 Jun 2026,05 Jun 2026,Disposed,"13,800,000",EMPLOYEES PROVIDENT FUND BOARD
10 Jun 2026,05 Jun 2026,Acquired,"5,000,000",EMPLOYEES PROVIDENT FUND BOARD
10 Jun 2026,05 Jun 2026,Acquired,"1,255,400",EMPLOYEES PROVIDENT FUND BOARD
09 Jun 2026,04 Jun 2026,Disposed,"7,887,900",EMPLOYEES PROVIDENT FUND BOARD
09 Jun 2026,04 Jun 2026,Disposed,"374,700",EMPLOYEES PROVIDENT FUND BOARD
08 Jun 2026,05 Jun 2026,Acquired,"62,600",KUMPULAN WANG PERSARAAN (DIPERBADANKAN)
08 Jun 2026,05 Jun 2026,Acquired,"750,000",KUMPULAN WANG PERSARAAN (DIPERBADANKAN)
08 Jun 2026,03 Jun 2026,Disposed,"274,800",EMPLOYEES PROVIDENT FUND BOARD
08 Jun 2026,03 Jun 2026,Disposed,"211,700",EMPLOYEES PROVIDENT FUND BOARD
05 Jun 2026,29 May 2026,Disposed,"403,400",EMPLOYEES PROVIDENT FUND BOARD
05 Jun 2026,29 May 2026,Disposed,"1,171,900",EMPLOYEES PROVIDENT FUND BOARD
05 Jun 2026,29 May 2026,Acquired,"1,875,000",EMPLOYEES PROVIDENT FUND BOARD
05 Jun 2026,29 May 2026,Disposed,"1,100,000",EMPLOYEES PROVIDENT FUND BOARD
05 Jun 2026,29 May 2026,Acquired,"5,895,200",EMPLOYEES PROVIDENT FUND BOARD
04 Jun 2026,28 May 2026,Disposed,"4,431,300",EMPLOYEES PROVIDENT FUND BOARD
04 Jun 2026,28 May 2026,Acquired,"1,875,000",EMPLOYEES PROVIDENT FUND BOARD
04 Jun 2026,28 May 2026,Acquired,"3,121,100",EMPLOYEES PROVIDENT FUND BOARD
04 Jun 2026,03 Jun 2026,Acquired,"1,203,700",KUMPULAN WANG PERSARAAN (DIPERBADANKAN)
03 Jun 2026,26 May 2026,Disposed,"5,000,000",EMPLOYEES PROVIDENT FUND BOARD
03 Jun 2026,26 May 2026,Disposed,"500,000",EMPLOYEES PROVIDENT FUND BOARD
03 Jun 2026,26 May 2026,Acquired,"1,250,000",EMPLOYEES PROVIDENT FUND BOARD
03 Jun 2026,29 May 2026,Acquired,"300,000",KUMPULAN WANG PERSARAAN (DIPERBADANKAN)
03 Jun 2026,29 May 2026,Acquired,"1,600,000",KUMPULAN WANG PERSARAAN (DIPERBADANKAN)
29 May 2026,25 May 2026,Disposed,"3,572,000",EMPLOYEES PROVIDENT FUND BOARD
28 May 2026,22 May 2026,Disposed,"842,200",EMPLOYEES PROVIDENT FUND BOARD
28 May 2026,22 May 2026,Disposed,"56,800",EMPLOYEES PROVIDENT FUND BOARD
28 May 2026,22 May 2026,Disposed,"3,779,200",EMPLOYEES PROVIDENT FUND BOARD
26 May 2026,21 May 2026,Disposed,"9,066,000",EMPLOYEES PROVIDENT FUND BOARD
26 May 2026,21 May 2026,Acquired,"12,166,200",EMPLOYEES PROVIDENT FUND BOARD
26 May 2026,21 May 2026,Disposed,"240,900",EMPLOYEES PROVIDENT FUND BOARD
26 May 2026,21 May 2026,Disposed,"3,220,800",EMPLOYEES PROVIDENT FUND BOARD
25 May 2026,20 May 2026,Disposed,"2,465,300",EMPLOYEES PROVIDENT FUND BOARD
25 May 2026,20 May 2026,Disposed,"31,400",EMPLOYEES PROVIDENT FUND BOARD
25 May 2026,22 May 2026,Acquired,"60,000,000",KUMPULAN WANG PERSARAAN (DIPERBADANKAN)
25 May 2026,22 May 2026,Acquired,"2,000,000",KUMPULAN WANG PERSARAAN (DIPERBADANKAN)
22 May 2026,21 May 2026,Acquired,"2,000,000",KUMPULAN WANG PERSARAAN (DIPERBADANKAN)
22 May 2026,21 May 2026,Acquired,"1,694,300",KUMPULAN WANG PERSARAAN (DIPERBADANKAN)
22 May 2026,19 May 2026,Disposed,"4,768,300",EMPLOYEES PROVIDENT FUND BOARD
22 May 2026,19 May 2026,Disposed,"443,900",EMPLOYEES PROVIDENT FUND BOARD
22 May 2026,19 May 2026,Disposed,"2,795,400",EMPLOYEES PROVIDENT FUND BOARD
21 May 2026,18 May 2026,Disposed,"4,936,200",EMPLOYEES PROVIDENT FUND BOARD
21 May 2026,18 May 2026,Disposed,"2,204,500",EMPLOYEES PROVIDENT FUND BOARD
21 May 2026,20 May 2026,Acquired,"600,000",KUMPULAN WANG PERSARAAN (DIPERBADANKAN)
20 May 2026,15 May 2026,Disposed,"8,000,000",EMPLOYEES PROVIDENT FUND BOARD
20 May 2026,15 May 2026,Acquired,"762,800",EMPLOYEES PROVIDENT FUND BOARD
20 May 2026,15 May 2026,Disposed,"289,900",EMPLOYEES PROVIDENT FUND BOARD
19 May 2026,14 May 2026,Disposed,"12,772,300",EMPLOYEES PROVIDENT FUND BOARD
19 May 2026,18 May 2026,Disposed,"750,000",KUMPULAN WANG PERSARAAN (DIPERBADANKAN)
18 May 2026,13 May 2026,Disposed,"5,900,000",EMPLOYEES PROVIDENT FUND BOARD
18 May 2026,13 May 2026,Acquired,"999,900",EMPLOYEES PROVIDENT FUND BOARD
15 May 2026,14 May 2026,Acquired,"1,000,000",KUMPULAN WANG PERSARAAN (DIPERBADANKAN)
15 May 2026,14 May 2026,Acquired,"311,000",KUMPULAN WANG PERSARAAN (DIPERBADANKAN)
15 May 2026,12 May 2026,Disposed,"5,233,600",EMPLOYEES PROVIDENT FUND BOARD
14 May 2026,11 May 2026,Disposed,"5,845,500",EMPLOYEES PROVIDENT FUND BOARD
14 May 2026,11 May 2026,Acquired,"500,000",EMPLOYEES PROVIDENT FUND BOARD
14 May 2026,13 May 2026,Acquired,"250,000",KUMPULAN WANG PERSARAAN (DIPERBADANKAN)
13 May 2026,08 May 2026,Acquired,"1,000,000",EMPLOYEES PROVIDENT FUND BOARD
13 May 2026,12 May 2026,Acquired,"5,000,000",KUMPULAN WANG PERSARAAN (DIPERBADANKAN)
12 May 2026,11 May 2026,Acquired,"2,000,000",KUMPULAN WANG PERSARAAN (DIPERBADANKAN)
12 May 2026,07 May 2026,Acquired,"3,500,000",EMPLOYEES PROVIDENT FUND BOARD
12 May 2026,07 May 2026,Acquired,"2,133,600",EMPLOYEES PROVIDENT FUND BOARD
11 May 2026,06 May 2026,Disposed,"6,000,000",EMPLOYEES PROVIDENT FUND BOARD
11 May 2026,06 May 2026,Acquired,"353,000",EMPLOYEES PROVIDENT FUND BOARD
11 May 2026,08 May 2026,Acquired,"947,200",KUMPULAN WANG PERSARAAN (DIPERBADANKAN)
08 May 2026,07 May 2026,Acquired,"1,759,600",KUMPULAN WANG PERSARAAN (DIPERBADANKAN)
08 May 2026,05 May 2026,Disposed,"12,000,000",EMPLOYEES PROVIDENT FUND BOARD
08 May 2026,05 May 2026,Acquired,"2,595,100",EMPLOYEES PROVIDENT FUND BOARD
08 May 2026,05 May 2026,Acquired,"4,756,000",EMPLOYEES PROVIDENT FUND BOARD
07 May 2026,04 May 2026,Disposed,"6,250,000",EMPLOYEES PROVIDENT FUND BOARD
07 May 2026,04 May 2026,Acquired,"1,404,900",EMPLOYEES PROVIDENT FUND BOARD
07 May 2026,06 May 2026,Acquired,"1,907,700",KUMPULAN WANG PERSARAAN (DIPERBADANKAN)
07 May 2026,06 May 2026,Acquired,"472,300",KUMPULAN WANG PERSARAAN (DIPERBADANKAN)
06 May 2026,30 Apr 2026,Disposed,"2,629,100",EMPLOYEES PROVIDENT FUND BOARD
06 May 2026,30 Apr 2026,Acquired,"2,882,200",EMPLOYEES PROVIDENT FUND BOARD
06 May 2026,30 Apr 2026,Disposed,"7,256,000",EMPLOYEES PROVIDENT FUND BOARD
06 May 2026,05 May 2026,Acquired,"1,334,800",KUMPULAN WANG PERSARAAN (DIPERBADANKAN)
05 May 2026,29 Apr 2026,Disposed,"4,180,200",EMPLOYEES PROVIDENT FUND BOARD
05 May 2026,29 Apr 2026,Acquired,"5,120,000",EMPLOYEES PROVIDENT FUND BOARD
05 May 2026,29 Apr 2026,Disposed,"500,000",EMPLOYEES PROVIDENT FUND BOARD
05 May 2026,04 May 2026,Acquired,"727,200",KUMPULAN WANG PERSARAAN (DIPERBADANKAN)
04 May 2026,28 Apr 2026,Disposed,"6,250,000",EMPLOYEES PROVIDENT FUND BOARD
04 May 2026,28 Apr 2026,Acquired,"880,000",EMPLOYEES PROVIDENT FUND BOARD
04 May 2026,30 Apr 2026,Acquired,"2,000,000",KUMPULAN WANG PERSARAAN (DIPERBADANKAN)
30 Apr 2026,29 Apr 2026,Acquired,"1,280,000",KUMPULAN WANG PERSARAAN (DIPERBADANKAN)
30 Apr 2026,27 Apr 2026,Disposed,"5,275,700",EMPLOYEES PROVIDENT FUND BOARD
30 Apr 2026,27 Apr 2026,Acquired,"2,000,900",EMPLOYEES PROVIDENT FUND BOARD
29 Apr 2026,24 Apr 2026,Disposed,"432,000",EMPLOYEES PROVIDENT FUND BOARD
29 Apr 2026,28 Apr 2026,Acquired,"220,000",KUMPULAN WANG PERSARAAN (DIPERBADANKAN)
28 Apr 2026,23 Apr 2026,Disposed,"6,906,200",EMPLOYEES PROVIDENT FUND BOARD
28 Apr 2026,23 Apr 2026,Acquired,"896,700",EMPLOYEES PROVIDENT FUND BOARD
28 Apr 2026,27 Apr 2026,Acquired,"162,700",KUMPULAN WANG PERSARAAN (DIPERBADANKAN)
27 Apr 2026,24 Apr 2026,Acquired,"462,700",KUMPULAN WANG PERSARAAN (DIPERBADANKAN)
27 Apr 2026,22 Apr 2026,Disposed,"5,000,000",EMPLOYEES PROVIDENT FUND BOARD
24 Apr 2026,23 Apr 2026,Acquired,"1,000,000",KUMPULAN WANG PERSARAAN (DIPERBADANKAN)
24 Apr 2026,21 Apr 2026,Acquired,"999,100",EMPLOYEES PROVIDENT FUND BOARD
23 Apr 2026,22 Apr 2026,Acquired,"60,000",KUMPULAN WANG PERSARAAN (DIPERBADANKAN)
23 Apr 2026,20 Apr 2026,Disposed,"6,000,000",EMPLOYEES PROVIDENT FUND BOARD
23 Apr 2026,20 Apr 2026,Acquired,"2,000,000",EMPLOYEES PROVIDENT FUND BOARD
23 Apr 2026,20 Apr 2026,Acquired,"1,793,000",EMPLOYEES PROVIDENT FUND BOARD
22 Apr 2026,21 Apr 2026,Acquired,"1,180,300",KUMPULAN WANG PERSARAAN (DIPERBADANKAN)
22 Apr 2026,21 Apr 2026,Acquired,"531,100",KUMPULAN WANG PERSARAAN (DIPERBADANKAN)
22 Apr 2026,17 Apr 2026,Disposed,"9,513,400",EMPLOYEES PROVIDENT FUND BOARD
22 Apr 2026,17 Apr 2026,Acquired,"2,536,900",EMPLOYEES PROVIDENT FUND BOARD
22 Apr 2026,17 Apr 2026,Acquired,"688,600",EMPLOYEES PROVIDENT FUND BOARD
21 Apr 2026,20 Apr 2026,Acquired,"5,000,000",KUMPULAN WANG PERSARAAN (DIPERBADANKAN)
21 Apr 2026,20 Apr 2026,Acquired,"1,017,800",KUMPULAN WANG PERSARAAN (DIPERBADANKAN)
21 Apr 2026,16 Apr 2026,Disposed,"8,250,000",EMPLOYEES PROVIDENT FUND BOARD
21 Apr 2026,16 Apr 2026,Acquired,"3,238,600",EMPLOYEES PROVIDENT FUND BOARD
21 Apr 2026,16 Apr 2026,Acquired,"1,039,500",EMPLOYEES PROVIDENT FUND BOARD
20 Apr 2026,15 Apr 2026,Disposed,"6,200,000",EMPLOYEES PROVIDENT FUND BOARD
20 Apr 2026,15 Apr 2026,Disposed,"1,000,000",EMPLOYEES PROVIDENT FUND BOARD
20 Apr 2026,17 Apr 2026,Acquired,"6,000,000",KUMPULAN WANG PERSARAAN (DIPERBADANKAN)
20 Apr 2026,17 Apr 2026,Acquired,"740,000",KUMPULAN WANG PERSARAAN (DIPERBADANKAN)
17 Apr 2026,14 Apr 2026,Disposed,"4,084,900",EMPLOYEES PROVIDENT FUND BOARD
17 Apr 2026,16 Apr 2026,Acquired,"2,000,000",KUMPULAN WANG PERSARAAN (DIPERBADANKAN)
17 Apr 2026,16 Apr 2026,Acquired,"1,966,700",KUMPULAN WANG PERSARAAN (DIPERBADANKAN)
16 Apr 2026,15 Apr 2026,Acquired,"2,000,000",KUMPULAN WANG PERSARAAN (DIPERBADANKAN)
16 Apr 2026,13 Apr 2026,Disposed,"8,400,000",EMPLOYEES PROVIDENT FUND BOARD
15 Apr 2026,10 Apr 2026,Disposed,"2,539,800",EMPLOYEES PROVIDENT FUND BOARD
15 Apr 2026,10 Apr 2026,Acquired,"500,100",EMPLOYEES PROVIDENT FUND BOARD
14 Apr 2026,09 Apr 2026,Disposed,"8,889,500",EMPLOYEES PROVIDENT FUND BOARD
13 Apr 2026,10 Apr 2026,Acquired,"500,000",KUMPULAN WANG PERSARAAN (DIPERBADANKAN)
13 Apr 2026,08 Apr 2026,Disposed,"8,250,000",EMPLOYEES PROVIDENT FUND BOARD
13 Apr 2026,08 Apr 2026,Acquired,"1,033,500",EMPLOYEES PROVIDENT FUND BOARD
13 Apr 2026,08 Apr 2026,Acquired,"5,323,400",EMPLOYEES PROVIDENT FUND BOARD
10 Apr 2026,07 Apr 2026,Disposed,"5,185,800",EMPLOYEES PROVIDENT FUND BOARD
10 Apr 2026,07 Apr 2026,Disposed,"500,100",EMPLOYEES PROVIDENT FUND BOARD
09 Apr 2026,08 Apr 2026,Acquired,"555,200",KUMPULAN WANG PERSARAAN (DIPERBADANKAN)
09 Apr 2026,06 Apr 2026,Disposed,"10,245,000",EMPLOYEES PROVIDENT FUND BOARD
09 Apr 2026,06 Apr 2026,Disposed,"300,000",EMPLOYEES PROVIDENT FUND BOARD
08 Apr 2026,03 Apr 2026,Disposed,"88,900",EMPLOYEES PROVIDENT FUND BOARD
08 Apr 2026,03 Apr 2026,Disposed,"999,900",EMPLOYEES PROVIDENT FUND BOARD
08 Apr 2026,07 Apr 2026,Acquired,"2,000,000",KUMPULAN WANG PERSARAAN (DIPERBADANKAN)
07 Apr 2026,06 Apr 2026,Acquired,"1,500,000",KUMPULAN WANG PERSARAAN (DIPERBADANKAN)
06 Apr 2026,03 Apr 2026,Acquired,"900,000",KUMPULAN WANG PERSARAAN (DIPERBADANKAN)
06 Apr 2026,01 Apr 2026,Acquired,"2,000,000",EMPLOYEES PROVIDENT FUND BOARD
06 Apr 2026,01 Apr 2026,Acquired,"3,108,800",EMPLOYEES PROVIDENT FUND BOARD
03 Apr 2026,02 Apr 2026,Acquired,"60,000",KUMPULAN WANG PERSARAAN (DIPERBADANKAN)
03 Apr 2026,31 Mar 2026,Acquired,"500,000",EMPLOYEES PROVIDENT FUND BOARD
02 Apr 2026,01 Apr 2026,Acquired,"2,000,000",KUMPULAN WANG PERSARAAN (DIPERBADANKAN)
02 Apr 2026,30 Mar 2026,Acquired,"8,000,000",EMPLOYEES PROVIDENT FUND BOARD
02 Apr 2026,30 Mar 2026,Disposed,"1,689,200",EMPLOYEES PROVIDENT FUND BOARD
02 Apr 2026,30 Mar 2026,Acquired,"200,000",EMPLOYEES PROVIDENT FUND BOARD
02 Apr 2026,30 Mar 2026,Disposed,"2,100,100",EMPLOYEES PROVIDENT FUND BOARD
01 Apr 2026,27 Mar 2026,Disposed,"2,795,000",EMPLOYEES PROVIDENT FUND BOARD
01 Apr 2026,27 Mar 2026,Acquired,"500,000",EMPLOYEES PROVIDENT FUND BOARD
01 Apr 2026,27 Mar 2026,Disposed,"216,800",EMPLOYEES PROVIDENT FUND BOARD
01 Apr 2026,27 Mar 2026,Disposed,"2,012,400",EMPLOYEES PROVIDENT FUND BOARD
01 Apr 2026,31 Mar 2026,Acquired,"150,000",KUMPULAN WANG PERSARAAN (DIPERBADANKAN)
31 Mar 2026,30 Mar 2026,Acquired,"708,300",KUMPULAN WANG PERSARAAN (DIPERBADANKAN)
31 Mar 2026,26 Mar 2026,Disposed,"379,400",EMPLOYEES PROVIDENT FUND BOARD
31 Mar 2026,26 Mar 2026,Acquired,"500,000",EMPLOYEES PROVIDENT FUND BOARD
31 Mar 2026,26 Mar 2026,Disposed,"316,500",EMPLOYEES PROVIDENT FUND BOARD
30 Mar 2026,25 Mar 2026,Disposed,"5,000,000",EMPLOYEES PROVIDENT FUND BOARD
30 Mar 2026,25 Mar 2026,Acquired,"2,000,000",EMPLOYEES PROVIDENT FUND BOARD
30 Mar 2026,25 Mar 2026,Disposed,"333,200",EMPLOYEES PROVIDENT FUND BOARD
30 Mar 2026,25 Mar 2026,Disposed,"1,215,800",EMPLOYEES PROVIDENT FUND BOARD
27 Mar 2026,24 Mar 2026,Disposed,"331,500",EMPLOYEES PROVIDENT FUND BOARD
27 Mar 2026,24 Mar 2026,Disposed,"3,801,800",EMPLOYEES PROVIDENT FUND BOARD
27 Mar 2026,24 Mar 2026,Disposed,"2,500,000",EMPLOYEES PROVIDENT FUND BOARD
26 Mar 2026,19 Mar 2026,Acquired,"6,000,000",EMPLOYEES PROVIDENT FUND BOARD
26 Mar 2026,19 Mar 2026,Acquired,"500,000",EMPLOYEES PROVIDENT FUND BOARD
25 Mar 2026,18 Mar 2026,Acquired,"12,691,600",EMPLOYEES PROVIDENT FUND BOARD
24 Mar 2026,19 Mar 2026,Disposed,"2,000,000",KUMPULAN WANG PERSARAAN (DIPERBADANKAN)
24 Mar 2026,17 Mar 2026,Acquired,"4,832,000",EMPLOYEES PROVIDENT FUND BOARD
24 Mar 2026,17 Mar 2026,Acquired,"1,100,000",EMPLOYEES PROVIDENT FUND BOARD
19 Mar 2026,16 Mar 2026,Acquired,"2,141,700",EMPLOYEES PROVIDENT FUND BOARD
18 Mar 2026,13 Mar 2026,Acquired,"15,095,300",EMPLOYEES PROVIDENT FUND BOARD
18 Mar 2026,13 Mar 2026,Disposed,"1,000,000",EMPLOYEES PROVIDENT FUND BOARD
18 Mar 2026,13 Mar 2026,Disposed,"2,152,000",EMPLOYEES PROVIDENT FUND BOARD
17 Mar 2026,16 Mar 2026,Acquired,"1,000,000",KUMPULAN WANG PERSARAAN (DIPERBADANKAN)
17 Mar 2026,12 Mar 2026,Acquired,"1,064,200",EMPLOYEES PROVIDENT FUND BOARD
13 Mar 2026,10 Mar 2026,Disposed,"5,934,300",EMPLOYEES PROVIDENT FUND BOARD
13 Mar 2026,10 Mar 2026,Acquired,"493,600",EMPLOYEES PROVIDENT FUND BOARD
13 Mar 2026,10 Mar 2026,Acquired,"1,000,000",EMPLOYEES PROVIDENT FUND BOARD
13 Mar 2026,10 Mar 2026,Disposed,"85,900",EMPLOYEES PROVIDENT FUND BOARD
13 Mar 2026,10 Mar 2026,Acquired,"2,500,000",EMPLOYEES PROVIDENT FUND BOARD
13 Mar 2026,12 Mar 2026,Acquired,"2,000,000",KUMPULAN WANG PERSARAAN (DIPERBADANKAN)
12 Mar 2026,09 Mar 2026,Disposed,"6,070,000",EMPLOYEES PROVIDENT FUND BOARD
12 Mar 2026,09 Mar 2026,Acquired,"260,300",EMPLOYEES PROVIDENT FUND BOARD
12 Mar 2026,09 Mar 2026,Disposed,"1,500,000",EMPLOYEES PROVIDENT FUND BOARD
11 Mar 2026,10 Mar 2026,Acquired,"2,000,000",KUMPULAN WANG PERSARAAN (DIPERBADANKAN)
11 Mar 2026,06 Mar 2026,Disposed,"8,451,100",EMPLOYEES PROVIDENT FUND BOARD
11 Mar 2026,06 Mar 2026,Disposed,"2,283,600",EMPLOYEES PROVIDENT FUND BOARD
11 Mar 2026,06 Mar 2026,Acquired,"252,200",EMPLOYEES PROVIDENT FUND BOARD
10 Mar 2026,05 Mar 2026,Disposed,"12,581,800",EMPLOYEES PROVIDENT FUND BOARD
10 Mar 2026,09 Mar 2026,Acquired,"2,000,000",KUMPULAN WANG PERSARAAN (DIPERBADANKAN)
10 Mar 2026,09 Mar 2026,Acquired,"1,438,900",KUMPULAN WANG PERSARAAN (DIPERBADANKAN)
10 Mar 2026,09 Mar 2026,Disposed,"1,500,000",KUMPULAN WANG PERSARAAN (DIPERBADANKAN)
09 Mar 2026,04 Mar 2026,Disposed,"6,575,500",EMPLOYEES PROVIDENT FUND BOARD
09 Mar 2026,04 Mar 2026,Acquired,"1,716,100",EMPLOYEES PROVIDENT FUND BOARD
09 Mar 2026,04 Mar 2026,Acquired,"1,743,000",EMPLOYEES PROVIDENT FUND BOARD
09 Mar 2026,06 Mar 2026,Acquired,"90,000",KUMPULAN WANG PERSARAAN (DIPERBADANKAN)
06 Mar 2026,03 Mar 2026,Disposed,"16,250,000",EMPLOYEES PROVIDENT FUND BOARD
06 Mar 2026,03 Mar 2026,Acquired,"656,400",EMPLOYEES PROVIDENT FUND BOARD
06 Mar 2026,03 Mar 2026,Acquired,"1,000,000",EMPLOYEES PROVIDENT FUND BOARD
05 Mar 2026,04 Mar 2026,Acquired,"612,700",KUMPULAN WANG PERSARAAN (DIPERBADANKAN)
05 Mar 2026,02 Mar 2026,Disposed,"9,574,600",EMPLOYEES PROVIDENT FUND BOARD
05 Mar 2026,02 Mar 2026,Acquired,"3,311,000",EMPLOYEES PROVIDENT FUND BOARD
04 Mar 2026,03 Mar 2026,Acquired,"2,073,300",KUMPULAN WANG PERSARAAN (DIPERBADANKAN)
04 Mar 2026,03 Mar 2026,Acquired,"234,400",KUMPULAN WANG PERSARAAN (DIPERBADANKAN)
04 Mar 2026,27 Feb 2026,Disposed,"7,814,900",EMPLOYEES PROVIDENT FUND BOARD
04 Mar 2026,27 Feb 2026,Acquired,"2,000,000",EMPLOYEES PROVIDENT FUND BOARD
04 Mar 2026,27 Feb 2026,Disposed,"3,500,000",EMPLOYEES PROVIDENT FUND BOARD
04 Mar 2026,27 Feb 2026,Acquired,"2,855,600",EMPLOYEES PROVIDENT FUND BOARD
03 Mar 2026,02 Mar 2026,Acquired,"237,400",KUMPULAN WANG PERSARAAN (DIPERBADANKAN)
03 Mar 2026,02 Mar 2026,Acquired,"3,316,400",KUMPULAN WANG PERSARAAN (DIPERBADANKAN)
03 Mar 2026,02 Mar 2026,Disposed,"1,000,000",KUMPULAN WANG PERSARAAN (DIPERBADANKAN)
03 Mar 2026,26 Feb 2026,Disposed,"23,741,300",EMPLOYEES PROVIDENT FUND BOARD
03 Mar 2026,26 Feb 2026,Acquired,"5,275,300",EMPLOYEES PROVIDENT FUND BOARD
03 Mar 2026,26 Feb 2026,Acquired,"570,000",EMPLOYEES PROVIDENT FUND BOARD
03 Mar 2026,26 Feb 2026,Acquired,"2,855,600",EMPLOYEES PROVIDENT FUND BOARD
02 Mar 2026,25 Feb 2026,Disposed,"8,467,900",EMPLOYEES PROVIDENT FUND BOARD
02 Mar 2026,25 Feb 2026,Acquired,"1,565,200",EMPLOYEES PROVIDENT FUND BOARD
02 Mar 2026,25 Feb 2026,Disposed,"500,000",EMPLOYEES PROVIDENT FUND BOARD
02 Mar 2026,25 Feb 2026,Acquired,"200,000",EMPLOYEES PROVIDENT FUND BOARD
02 Mar 2026,25 Feb 2026,Disposed,"4,188,400",EMPLOYEES PROVIDENT FUND BOARD
02 Mar 2026,27 Feb 2026,Disposed,"500,000",KUMPULAN WANG PERSARAAN (DIPERBADANKAN)
27 Feb 2026,25 Feb 2026,Acquired,"434,800",KUMPULAN WANG PERSARAAN (DIPERBADANKAN)
27 Feb 2026,24 Feb 2026,Disposed,"2,054,700",EMPLOYEES PROVIDENT FUND BOARD
27 Feb 2026,24 Feb 2026,Acquired,"3,000,000",EMPLOYEES PROVIDENT FUND BOARD
27 Feb 2026,26 Feb 2026,Acquired,"1,602,900",KUMPULAN WANG PERSARAAN (DIPERBADANKAN)
27 Feb 2026,26 Feb 2026,Disposed,"1,500,000",KUMPULAN WANG PERSARAAN (DIPERBADANKAN)
26 Feb 2026,24 Feb 2026,Acquired,"140,200",KUMPULAN WANG PERSARAAN (DIPERBADANKAN)
26 Feb 2026,23 Feb 2026,Disposed,"2,174,000",EMPLOYEES PROVIDENT FUND BOARD
26 Feb 2026,23 Feb 2026,Acquired,"3,000,000",EMPLOYEES PROVIDENT FUND BOARD
26 Feb 2026,23 Feb 2026,Acquired,"1,000,000",EMPLOYEES PROVIDENT FUND BOARD
26 Feb 2026,23 Feb 2026,Disposed,"1,633,100",EMPLOYEES PROVIDENT FUND BOARD
25 Feb 2026,20 Feb 2026,Acquired,"2,360,300",EMPLOYEES PROVIDENT FUND BOARD
25 Feb 2026,20 Feb 2026,Acquired,"1,300,000",EMPLOYEES PROVIDENT FUND BOARD
25 Feb 2026,20 Feb 2026,Disposed,"3,708,000",EMPLOYEES PROVIDENT FUND BOARD
24 Feb 2026,23 Feb 2026,Acquired,"3,000,000",KUMPULAN WANG PERSARAAN (DIPERBADANKAN)
24 Feb 2026,19 Feb 2026,Acquired,"320,400",EMPLOYEES PROVIDENT FUND BOARD
24 Feb 2026,19 Feb 2026,Acquired,"2,000,000",EMPLOYEES PROVIDENT FUND BOARD
23 Feb 2026,16 Feb 2026,Disposed,"364,300",EMPLOYEES PROVIDENT FUND BOARD
23 Feb 2026,16 Feb 2026,Acquired,"1,304,200",EMPLOYEES PROVIDENT FUND BOARD
23 Feb 2026,20 Feb 2026,Acquired,"2,155,700",KUMPULAN WANG PERSARAAN (DIPERBADANKAN)
20 Feb 2026,13 Feb 2026,Acquired,"9,300,000",EMPLOYEES PROVIDENT FUND BOARD
20 Feb 2026,13 Feb 2026,Disposed,"3,980,600",EMPLOYEES PROVIDENT FUND BOARD
20 Feb 2026,13 Feb 2026,Acquired,"250,000",EMPLOYEES PROVIDENT FUND BOARD
20 Feb 2026,19 Feb 2026,Acquired,"89,000",KUMPULAN WANG PERSARAAN (DIPERBADANKAN)
19 Feb 2026,12 Feb 2026,Acquired,"3,000,000",EMPLOYEES PROVIDENT FUND BOARD
19 Feb 2026,12 Feb 2026,Disposed,"6,019,400",EMPLOYEES PROVIDENT FUND BOARD
16 Feb 2026,11 Feb 2026,Disposed,"3,347,800",EMPLOYEES PROVIDENT FUND BOARD
16 Feb 2026,11 Feb 2026,Acquired,"6,000,000",EMPLOYEES PROVIDENT FUND BOARD
16 Feb 2026,11 Feb 2026,Disposed,"8,545,500",EMPLOYEES PROVIDENT FUND BOARD
16 Feb 2026,11 Feb 2026,Acquired,"100,000",EMPLOYEES PROVIDENT FUND BOARD
16 Feb 2026,11 Feb 2026,Acquired,"1,067,700",EMPLOYEES PROVIDENT FUND BOARD
16 Feb 2026,13 Feb 2026,Acquired,"191,600",KUMPULAN WANG PERSARAAN (DIPERBADANKAN)
13 Feb 2026,11 Feb 2026,Acquired,"914,400",KUMPULAN WANG PERSARAAN (DIPERBADANKAN)
13 Feb 2026,10 Feb 2026,Disposed,"1,500,000",EMPLOYEES PROVIDENT FUND BOARD
13 Feb 2026,10 Feb 2026,Disposed,"1,454,500",EMPLOYEES PROVIDENT FUND BOARD
13 Feb 2026,10 Feb 2026,Acquired,"750,000",EMPLOYEES PROVIDENT FUND BOARD
13 Feb 2026,10 Feb 2026,Acquired,"1,413,500",EMPLOYEES PROVIDENT FUND BOARD
12 Feb 2026,09 Feb 2026,Disposed,"5,000,000",EMPLOYEES PROVIDENT FUND BOARD
12 Feb 2026,09 Feb 2026,Acquired,"4,000,000",EMPLOYEES PROVIDENT FUND BOARD
12 Feb 2026,09 Feb 2026,Disposed,"2,400,000",EMPLOYEES PROVIDENT FUND BOARD
12 Feb 2026,09 Feb 2026,Acquired,"1,500,000",EMPLOYEES PROVIDENT FUND BOARD
11 Feb 2026,06 Feb 2026,Acquired,"1,867,400",EMPLOYEES PROVIDENT FUND BOARD
11 Feb 2026,06 Feb 2026,Disposed,"15,353,700",EMPLOYEES PROVIDENT FUND BOARD
11 Feb 2026,06 Feb 2026,Disposed,"2,260,200",EMPLOYEES PROVIDENT FUND BOARD
11 Feb 2026,06 Feb 2026,Disposed,"750,000",EMPLOYEES PROVIDENT FUND BOARD
11 Feb 2026,06 Feb 2026,Acquired,"1,000,000",EMPLOYEES PROVIDENT FUND BOARD
11 Feb 2026,10 Feb 2026,Acquired,"1,900,000",KUMPULAN WANG PERSARAAN (DIPERBADANKAN)
10 Feb 2026,09 Feb 2026,Acquired,"3,393,200",KUMPULAN WANG PERSARAAN (DIPERBADANKAN)
10 Feb 2026,09 Feb 2026,Acquired,"2,000,000",KUMPULAN WANG PERSARAAN (DIPERBADANKAN)
10 Feb 2026,05 Feb 2026,Disposed,"4,646,300",EMPLOYEES PROVIDENT FUND BOARD
09 Feb 2026,06 Feb 2026,Acquired,"1,400,000",KUMPULAN WANG PERSARAAN (DIPERBADANKAN)
09 Feb 2026,04 Feb 2026,Acquired,"1,726,600",EMPLOYEES PROVIDENT FUND BOARD
09 Feb 2026,04 Feb 2026,Disposed,"3,700,000",EMPLOYEES PROVIDENT FUND BOARD
06 Feb 2026,05 Feb 2026,Acquired,"3,000,000",KUMPULAN WANG PERSARAAN (DIPERBADANKAN)
06 Feb 2026,03 Feb 2026,Acquired,"2,000,000",EMPLOYEES PROVIDENT FUND BOARD
06 Feb 2026,03 Feb 2026,Acquired,"938,000",EMPLOYEES PROVIDENT FUND BOARD
05 Feb 2026,30 Jan 2026,Disposed,"2,000,000",EMPLOYEES PROVIDENT FUND BOARD
05 Feb 2026,30 Jan 2026,Disposed,"11,620,900",EMPLOYEES PROVIDENT FUND BOARD
04 Feb 2026,29 Jan 2026,Disposed,"2,500,000",EMPLOYEES PROVIDENT FUND BOARD
04 Feb 2026,28 Jan 2026,Disposed,"1,273,700",EMPLOYEES PROVIDENT FUND BOARD
04 Feb 2026,28 Jan 2026,Disposed,"2,000,000",EMPLOYEES PROVIDENT FUND BOARD
04 Feb 2026,28 Jan 2026,Disposed,"850,000",EMPLOYEES PROVIDENT FUND BOARD
04 Feb 2026,28 Jan 2026,Acquired,"350,000",EMPLOYEES PROVIDENT FUND BOARD
30 Jan 2026,27 Jan 2026,Disposed,"3,797,300",EMPLOYEES PROVIDENT FUND BOARD
30 Jan 2026,27 Jan 2026,Disposed,"2,500,000",EMPLOYEES PROVIDENT FUND BOARD
30 Jan 2026,27 Jan 2026,Disposed,"1,000,000",EMPLOYEES PROVIDENT FUND BOARD
29 Jan 2026,26 Jan 2026,Disposed,"1,000,000",EMPLOYEES PROVIDENT FUND BOARD
29 Jan 2026,26 Jan 2026,Acquired,"300,000",EMPLOYEES PROVIDENT FUND BOARD
29 Jan 2026,26 Jan 2026,Acquired,"1,037,400",EMPLOYEES PROVIDENT FUND BOARD
29 Jan 2026,26 Jan 2026,Acquired,"11,620,900",EMPLOYEES PROVIDENT FUND BOARD
28 Jan 2026,23 Jan 2026,Acquired,"1,469,500",EMPLOYEES PROVIDENT FUND BOARD
28 Jan 2026,23 Jan 2026,Disposed,"1,500,000",EMPLOYEES PROVIDENT FUND BOARD
28 Jan 2026,23 Jan 2026,Disposed,"1,000,000",EMPLOYEES PROVIDENT FUND BOARD
28 Jan 2026,23 Jan 2026,Acquired,"630,600",EMPLOYEES PROVIDENT FUND BOARD
27 Jan 2026,22 Jan 2026,Acquired,"8,000,000",EMPLOYEES PROVIDENT FUND BOARD
27 Jan 2026,22 Jan 2026,Disposed,"1,000,000",EMPLOYEES PROVIDENT FUND BOARD
26 Jan 2026,21 Jan 2026,Acquired,"1,550,600",EMPLOYEES PROVIDENT FUND BOARD
26 Jan 2026,21 Jan 2026,Disposed,"2,000,000",EMPLOYEES PROVIDENT FUND BOARD
26 Jan 2026,21 Jan 2026,Disposed,"860,400",EMPLOYEES PROVIDENT FUND BOARD
23 Jan 2026,20 Jan 2026,Acquired,"5,000,000",EMPLOYEES PROVIDENT FUND BOARD
23 Jan 2026,20 Jan 2026,Disposed,"4,442,000",EMPLOYEES PROVIDENT FUND BOARD
23 Jan 2026,20 Jan 2026,Disposed,"2,000,000",EMPLOYEES PROVIDENT FUND BOARD
23 Jan 2026,20 Jan 2026,Disposed,"1,000,000",EMPLOYEES PROVIDENT FUND BOARD
22 Jan 2026,19 Jan 2026,Acquired,"136,700",EMPLOYEES PROVIDENT FUND BOARD
22 Jan 2026,19 Jan 2026,Disposed,"800,000",EMPLOYEES PROVIDENT FUND BOARD
22 Jan 2026,19 Jan 2026,Acquired,"909,100",EMPLOYEES PROVIDENT FUND BOARD
21 Jan 2026,16 Jan 2026,Acquired,"8,400,000",EMPLOYEES PROVIDENT FUND BOARD
21 Jan 2026,16 Jan 2026,Disposed,"1,500,000",EMPLOYEES PROVIDENT FUND BOARD
21 Jan 2026,16 Jan 2026,Disposed,"5,900,400",EMPLOYEES PROVIDENT FUND BOARD
20 Jan 2026,15 Jan 2026,Acquired,"2,518,700",EMPLOYEES PROVIDENT FUND BOARD
20 Jan 2026,15 Jan 2026,Disposed,"3,000,000",EMPLOYEES PROVIDENT FUND BOARD
20 Jan 2026,15 Jan 2026,Disposed,"1,000,000",EMPLOYEES PROVIDENT FUND BOARD
20 Jan 2026,15 Jan 2026,Disposed,"1,783,000",EMPLOYEES PROVIDENT FUND BOARD
19 Jan 2026,14 Jan 2026,Acquired,"3,700,000",EMPLOYEES PROVIDENT FUND BOARD
19 Jan 2026,14 Jan 2026,Disposed,"2,000,000",EMPLOYEES PROVIDENT FUND BOARD
19 Jan 2026,14 Jan 2026,Acquired,"1,530,500",EMPLOYEES PROVIDENT FUND BOARD
19 Jan 2026,14 Jan 2026,Disposed,"3,044,400",EMPLOYEES PROVIDENT FUND BOARD
16 Jan 2026,13 Jan 2026,Acquired,"13,868,900",EMPLOYEES PROVIDENT FUND BOARD
16 Jan 2026,13 Jan 2026,Disposed,"2,000,000",EMPLOYEES PROVIDENT FUND BOARD
16 Jan 2026,13 Jan 2026,Disposed,"1,808,000",EMPLOYEES PROVIDENT FUND BOARD
16 Jan 2026,13 Jan 2026,Disposed,"500,000",EMPLOYEES PROVIDENT FUND BOARD
16 Jan 2026,13 Jan 2026,Disposed,"1,822,200",EMPLOYEES PROVIDENT FUND BOARD
15 Jan 2026,12 Jan 2026,Acquired,"5,516,900",EMPLOYEES PROVIDENT FUND BOARD
15 Jan 2026,12 Jan 2026,Disposed,"2,000,000",EMPLOYEES PROVIDENT FUND BOARD
15 Jan 2026,12 Jan 2026,Disposed,"250,000",EMPLOYEES PROVIDENT FUND BOARD
14 Jan 2026,09 Jan 2026,Acquired,"8,250,400",EMPLOYEES PROVIDENT FUND BOARD
14 Jan 2026,09 Jan 2026,Acquired,"1,123,200",EMPLOYEES PROVIDENT FUND BOARD
13 Jan 2026,08 Jan 2026,Acquired,"8,450,200",EMPLOYEES PROVIDENT FUND BOARD
13 Jan 2026,08 Jan 2026,Disposed,"2,000,000",EMPLOYEES PROVIDENT FUND BOARD
12 Jan 2026,07 Jan 2026,Acquired,"6,129,300",EMPLOYEES PROVIDENT FUND BOARD
09 Jan 2026,06 Jan 2026,Acquired,"6,658,600",EMPLOYEES PROVIDENT FUND BOARD
09 Jan 2026,06 Jan 2026,Disposed,"3,000,000",EMPLOYEES PROVIDENT FUND BOARD
09 Jan 2026,06 Jan 2026,Disposed,"250,000",EMPLOYEES PROVIDENT FUND BOARD
08 Jan 2026,05 Jan 2026,Acquired,"6,107,300",EMPLOYEES PROVIDENT FUND BOARD
08 Jan 2026,05 Jan 2026,Disposed,"2,000,000",EMPLOYEES PROVIDENT FUND BOARD
07 Jan 2026,02 Jan 2026,Acquired,"6,000,000",EMPLOYEES PROVIDENT FUND BOARD
05 Jan 2026,30 Dec 2025,Acquired,"1,660,600",EMPLOYEES PROVIDENT FUND BOARD
02 Jan 2026,29 Dec 2025,Acquired,"5,836,200",EMPLOYEES PROVIDENT FUND BOARD
02 Jan 2026,29 Dec 2025,Disposed,"6,000,000",EMPLOYEES PROVIDENT FUND BOARD
31 Dec 2025,26 Dec 2025,Acquired,"3,053,200",EMPLOYEES PROVIDENT FUND BOARD
30 Dec 2025,24 Dec 2025,Acquired,"1,900,000",EMPLOYEES PROVIDENT FUND BOARD
30 Dec 2025,24 Dec 2025,Disposed,"4,000,000",EMPLOYEES PROVIDENT FUND BOARD
29 Dec 2025,23 Dec 2025,Acquired,"409,600",EMPLOYEES PROVIDENT FUND BOARD
26 Dec 2025,22 Dec 2025,Acquired,"2,561,500",EMPLOYEES PROVIDENT FUND BOARD
24 Dec 2025,19 Dec 2025,Acquired,"3,021,300",EMPLOYEES PROVIDENT FUND BOARD
24 Dec 2025,19 Dec 2025,Acquired,"1,500,000",EMPLOYEES PROVIDENT FUND BOARD
23 Dec 2025,18 Dec 2025,Disposed,"5,483,500",EMPLOYEES PROVIDENT FUND BOARD
23 Dec 2025,18 Dec 2025,Acquired,"500,000",EMPLOYEES PROVIDENT FUND BOARD
22 Dec 2025,17 Dec 2025,Disposed,"5,000,000",EMPLOYEES PROVIDENT FUND BOARD
18 Dec 2025,15 Dec 2025,Acquired,"1,500,000",EMPLOYEES PROVIDENT FUND BOARD
17 Dec 2025,12 Dec 2025,Acquired,"2,000,000",EMPLOYEES PROVIDENT FUND BOARD
17 Dec 2025,12 Dec 2025,Acquired,"1,249,800",EMPLOYEES PROVIDENT FUND BOARD
08 Dec 2025,03 Dec 2025,Acquired,"1,000,000",EMPLOYEES PROVIDENT FUND BOARD
04 Dec 2025,01 Dec 2025,Disposed,"1,714,100",EMPLOYEES PROVIDENT FUND BOARD
27 Nov 2025,24 Nov 2025,Disposed,"4,587,800",EMPLOYEES PROVIDENT FUND BOARD
26 Nov 2025,21 Nov 2025,Acquired,"1,000,000",EMPLOYEES PROVIDENT FUND BOARD
25 Nov 2025,20 Nov 2025,Acquired,"775,700",EMPLOYEES PROVIDENT FUND BOARD
25 Nov 2025,20 Nov 2025,Disposed,"412,200",EMPLOYEES PROVIDENT FUND BOARD
24 Nov 2025,19 Nov 2025,Acquired,"6,451,600",EMPLOYEES PROVIDENT FUND BOARD
24 Nov 2025,19 Nov 2025,Disposed,"2,948,200",EMPLOYEES PROVIDENT FUND BOARD
21 Nov 2025,18 Nov 2025,Acquired,"7,000,000",EMPLOYEES PROVIDENT FUND BOARD
21 Nov 2025,18 Nov 2025,Disposed,"51,800",EMPLOYEES PROVIDENT FUND BOARD
20 Nov 2025,17 Nov 2025,Acquired,"3,199,600",EMPLOYEES PROVIDENT FUND BOARD
19 Nov 2025,14 Nov 2025,Acquired,"6,660,100",EMPLOYEES PROVIDENT FUND BOARD
18 Nov 2025,13 Nov 2025,Acquired,"2,176,900",EMPLOYEES PROVIDENT FUND BOARD
17 Nov 2025,12 Nov 2025,Acquired,"6,451,600",EMPLOYEES PROVIDENT FUND BOARD
17 Nov 2025,12 Nov 2025,Disposed,"160,000",EMPLOYEES PROVIDENT FUND BOARD
14 Nov 2025,11 Nov 2025,Acquired,"700,000",EMPLOYEES PROVIDENT FUND BOARD
14 Nov 2025,11 Nov 2025,Disposed,"1,941,600",EMPLOYEES PROVIDENT FUND BOARD
13 Nov 2025,10 Nov 2025,Acquired,"2,846,300",EMPLOYEES PROVIDENT FUND BOARD
12 Nov 2025,07 Nov 2025,Acquired,"1,381,100",EMPLOYEES PROVIDENT FUND BOARD
11 Nov 2025,06 Nov 2025,Acquired,"2,448,300",EMPLOYEES PROVIDENT FUND BOARD
10 Nov 2025,05 Nov 2025,Acquired,"339,500",EMPLOYEES PROVIDENT FUND BOARD
07 Nov 2025,04 Nov 2025,Acquired,"462,200",EMPLOYEES PROVIDENT FUND BOARD
06 Nov 2025,03 Nov 2025,Acquired,"244,500",EMPLOYEES PROVIDENT FUND BOARD
05 Nov 2025,31 Oct 2025,Acquired,"2,036,400",EMPLOYEES PROVIDENT FUND BOARD
04 Nov 2025,30 Oct 2025,Acquired,"1,386,000",EMPLOYEES PROVIDENT FUND BOARD
29 Oct 2025,24 Oct 2025,Acquired,"3,545,700",EMPLOYEES PROVIDENT FUND BOARD
16 Oct 2025,13 Oct 2025,Disposed,"250,000",EMPLOYEES PROVIDENT FUND BOARD
15 Oct 2025,10 Oct 2025,Disposed,"1,500,000",EMPLOYEES PROVIDENT FUND BOARD
14 Oct 2025,09 Oct 2025,Disposed,"750,000",EMPLOYEES PROVIDENT FUND BOARD
10 Oct 2025,07 Oct 2025,Disposed,"250,000",EMPLOYEES PROVIDENT FUND BOARD
09 Oct 2025,08 Oct 2025,Disposed,"50,000,000",CONSOLIDATED TEH HOLDINGS SDN BERHAD
09 Oct 2025,08 Oct 2025,Disposed,"50,000,000",THE ESTATE OF THE LATE TAN SRI DATO' SRI DR. TEH HONG PIOW
09 Oct 2025,06 Oct 2025,Acquired,"4,645,000",EMPLOYEES PROVIDENT FUND BOARD
08 Oct 2025,03 Oct 2025,Acquired,"2,281,700",EMPLOYEES PROVIDENT FUND BOARD
08 Oct 2025,03 Oct 2025,Disposed,"500,000",EMPLOYEES PROVIDENT FUND BOARD
06 Oct 2025,01 Oct 2025,Acquired,"2,000,000",EMPLOYEES PROVIDENT FUND BOARD
06 Oct 2025,01 Oct 2025,Disposed,"500,000",EMPLOYEES PROVIDENT FUND BOARD
