,value
P(FQ4 rev > consensus mean $50.69bn),0.85418
P(FQ4 rev > high snapshot $51.2bn),0.753675
P(FQ4 rev > guide high $51.0bn),0.797735
P(FQ4 rev > whisper mid $52.75bn),0.35455
P(FQ4 rev < guide mid $50.0bn),0.071625
P(FQ4 EPS > consensus $31.34),0.89121
P(FQ4 EPS > whisper mid $33.25),0.332445
P(FQ4 GM >= consensus 87.0%),0.443665
P(FQ1 rev guide mid > consensus $56.7bn),0.392025
P(FQ1 rev guide mid > whisper mid $58.5bn),0.219735
P(FQ1 GM guide >= consensus 87.5%),0.80192
P(FQ1 GM guide >= whisper 88.25%),0.510595
P(FQ1 EPS guide >= consensus $35.25),0.537615
P(FQ1 EPS guide >= whisper $37.25),0.250845
"P(FQ1 guide headline QoQ <= 0%, flat/down)",0.07165
P(FQ1 guide headline QoQ < +10%),0.75561
P(print beat AND FQ1 rev guide < consensus),0.46762
E[FQ4 rev $bn],52.37315418695609
median FQ4 rev $bn,52.1403809170679
p10 FQ4 rev,50.32572831333114
p90 FQ4 rev,54.90838147374035
E[FQ4 rev beat vs consensus %],3.330678084159211
E[FQ4 rev beat vs consensus $bn],1.6881541869560905
E[FQ4 rev beat vs guide mid %],4.746308373912189
E[FQ4 GM %],86.91836820946389
E[FQ4 EPS],32.85376853332223
E[FQ4 EPS beat vs consensus %],4.830148479011598
E[FQ1 rev guide $bn],55.94089026065873
p10 FQ1 rev guide,51.66963261555964
p90 FQ1 rev guide,60.470920747893125
E[FQ1 guide vs consensus %],-1.3388178824361052
E[FQ1 GM guide %],88.25542880526106
E[FQ1 EPS guide],35.61689757472321
E[FQ1 guide headline QoQ %],6.772074019725221
E[FQ1 guide per-week QoQ %],14.985310482781008
E[FQ4 actual headline QoQ % vs FQ3 $41.456bn],26.334316352171182
E[FQ4 actual per-week QoQ %],17.310436612730395
