report_date,rev_guide_mid_m,rev_guide_hr_m,gm_guide_mid,gm_guide_hr,eps_guide_mid,eps_guide_hr,rev_act_m,eps_act,gm_act,prev_rev_guide_mid_m,prev_rev_guide_hr_m,prev_gm_guide_mid,prev_gm_guide_hr,prev_eps_guide_mid,prev_eps_guide_hr,rev_vs_guide_mid_pct,rev_vs_guide_top,eps_vs_guide_mid_pct,gm_vs_guide_bp,next_guide_qoq_pct
2017-09-26,,,,,,,,,,,,,,,,,False,,,
2017-12-19,,,,,,,,,,,,,,,,,False,,,
2018-03-22,,,,,,,,,,,,,,,,,False,,,
2018-06-20,,,,,,,,,,,,,,,,,False,,,
2018-09-20,,,,,,,,,,,,,,,,,False,,,
2018-12-18,,,,,,,,,,,,,,,,,False,,,
2019-03-20,,,,,,,,,,,,,,,,,False,,,
2019-06-25,,,,,,,,,,,,,,,,,False,,,
2019-09-26,5000.0,200.0,26.5,1.5,0.46,0.07,,,,,,,,,,,False,,,
2019-12-18,4650.0,150.0,27.0,1.5,0.35,0.06,5144.0,0.48,27.31,5000.0,200.0,26.5,1.5,0.46,0.07,2.8799999999999937,False,4.347826086956519,80.99999999999987,-9.603421461897355
2020-03-25,4900.0,300.0,31.0,1.5,0.55,0.15,4797.0,0.45,29.14,4650.0,150.0,27.0,1.5,0.35,0.06,3.1612903225806344,False,28.57142857142858,214.00000000000006,2.147175317907024
2020-06-29,6000.0,250.0,35.5,1.5,1.05,0.1,5438.0,0.82,33.17,4900.0,300.0,31.0,1.5,0.55,0.15,10.979591836734691,True,49.09090909090907,217.00000000000017,10.33468186833395
2020-09-29,5200.0,200.0,27.5,1.0,0.47,0.07,6056.0,1.08,34.86,6000.0,250.0,35.5,1.5,1.05,0.1,0.9333333333333416,False,2.857142857142869,-64.00000000000006,-14.134742404227207
2021-01-07,5800.0,200.0,31.0,1.0,0.75,0.07,5773.0,0.78,30.9,5200.0,200.0,27.5,1.0,0.47,0.07,11.01923076923077,True,65.95744680851065,339.9999999999999,0.4676944396327709
2021-03-31,7100.0,200.0,41.5,1.0,1.62,0.07,6236.0,0.98,32.94,5800.0,200.0,31.0,1.0,0.75,0.07,7.517241379310335,True,30.666666666666664,193.99999999999977,13.855035279025007
2021-06-30,8200.0,200.0,47.0,1.0,2.3,0.1,7422.0,1.88,42.91,7100.0,200.0,41.5,1.0,1.62,0.07,4.535211267605632,True,16.049382716049365,140.99999999999966,10.482349770951217
2021-09-28,7650.0,200.0,47.0,1.0,2.1,0.1,8274.0,2.42,47.91,8200.0,200.0,47.0,1.0,2.3,0.1,0.9024390243902447,False,5.21739130434784,90.99999999999966,-7.54169688179841
2021-12-20,7500.0,200.0,46.0,1.0,1.95,0.1,7687.0,2.16,47.04,7650.0,200.0,47.0,1.0,2.1,0.1,0.48366013071894365,False,2.857142857142869,3.9999999999999147,-2.4326785481982527
2022-03-29,8700.0,200.0,48.0,1.0,2.46,0.1,7786.0,2.14,47.83,7500.0,200.0,46.0,1.0,1.95,0.1,3.8133333333333352,True,9.743589743589753,182.99999999999983,11.739018751605457
2022-06-30,7200.0,400.0,42.5,1.5,1.63,0.2,8642.0,2.59,47.41,8700.0,200.0,48.0,1.0,2.46,0.1,-0.666666666666671,False,5.284552845528445,-59.00000000000034,-16.685952325850494
2022-09-29,4250.0,250.0,26.0,2.0,0.04,0.1,6643.0,1.45,40.28,7200.0,400.0,42.5,1.5,1.63,0.2,-7.736111111111111,False,-11.042944785276065,-221.9999999999999,-36.02288122836068
2022-12-21,3800.0,200.0,8.5,2.5,-0.62,0.1,4085.0,-0.04,22.86,4250.0,250.0,26.0,2.0,0.04,0.1,-3.88235294117647,False,-200.0,-314.00000000000006,-6.976744186046513
2023-03-28,3700.0,200.0,-21.0,2.5,-1.58,0.07,3693.0,-1.91,-31.44,3800.0,200.0,8.5,2.5,-0.62,0.1,-2.815789473684216,False,208.06451612903226,-3994.0,0.18954779312212455
2023-06-28,3900.0,200.0,-10.5,2.5,-1.19,0.07,3752.0,-1.43,-16.07,3700.0,200.0,-21.0,2.5,-1.58,0.07,1.4054054054054133,False,-9.493670886075956,493.0,3.9445628997867743
2023-09-27,4400.0,200.0,-4.0,2.0,-1.07,0.07,4010.0,-1.07,-9.13,3900.0,200.0,-10.5,2.5,-1.19,0.07,2.8205128205128105,False,-10.084033613445364,136.99999999999991,9.725685785536164
2023-12-20,5300.0,200.0,13.0,1.5,-0.28,0.07,4726.0,-0.95,0.78,4400.0,200.0,-4.0,2.0,-1.07,0.07,7.4090909090908985,True,-11.21495327102805,478.0,12.145577655522644
2024-03-20,6600.0,200.0,26.5,1.5,0.45,0.07,5824.0,0.42,19.97,5300.0,200.0,13.0,1.5,-0.28,0.07,9.886792452830196,True,-250.0,696.9999999999999,13.324175824175821
2024-06-26,7600.0,200.0,34.5,1.0,1.08,0.08,6811.0,0.62,28.15,6600.0,200.0,26.5,1.5,0.45,0.07,3.196969696969698,True,37.77777777777778,164.99999999999986,11.584202026134193
2024-09-25,8700.0,200.0,39.5,1.0,1.74,0.08,7750.0,1.18,36.46,7600.0,200.0,34.5,1.0,1.08,0.08,1.9736842105263053,False,9.259259259259256,196.00000000000009,12.25806451612903
2024-12-18,7900.0,200.0,38.5,1.0,1.43,0.1,8709.0,1.79,39.51,8700.0,200.0,39.5,1.0,1.74,0.08,0.1034482758620614,False,2.8735632183908066,0.999999999999801,-9.289241015041917
2025-03-20,8800.0,200.0,36.5,1.0,1.57,0.1,8053.0,1.56,37.91,7900.0,200.0,38.5,1.0,1.43,0.1,1.936708860759495,False,9.090909090909104,-59.00000000000034,9.276046193964982
2025-06-25,10700.0,300.0,42.0,1.0,2.5,0.15,9301.0,1.91,38.95,8800.0,200.0,36.5,1.0,1.57,0.1,5.693181818181814,True,21.65605095541401,245.00000000000028,15.0413933985593
2025-09-23,12500.0,300.0,51.5,1.0,3.75,0.15,11315.0,3.03,45.68,10700.0,300.0,42.0,1.0,2.5,0.15,5.74766355140186,True,21.199999999999996,368.0,10.472823685373388
2025-12-17,18700.0,400.0,68.0,1.0,8.42,0.2,13643.0,4.78,56.83,12500.0,300.0,51.5,1.0,3.75,0.15,9.143999999999997,True,27.466666666666683,532.9999999999998,37.066627574580366
2026-03-18,33500.0,750.0,81.0,,19.15,0.4,23860.0,12.2,74.92,18700.0,400.0,68.0,1.0,8.42,0.2,27.593582887700528,True,44.89311163895486,692.0000000000002,40.40234702430847
2026-06-24,50000.0,1000.0,86.0,,31.0,1.0,41456.0,25.11,84.91,33500.0,750.0,81.0,,19.15,0.4,23.749253731343288,True,31.122715404699754,390.99999999999966,20.60980316480123
