expiry,strike,right,last,bid,ask,iv_annual,open_interest,status,source
2026-09-28,1080,C,18.60,18.30,18.90,0.41812549,712,FROZEN_DELAYED,IBKR get_price_snapshot 25/09/2026 (24/09 close)
2026-09-28,1080,P,19.11,18.80,19.55,0.41812549,191,FROZEN_DELAYED,IBKR get_price_snapshot 25/09/2026 (24/09 close)
2026-10-02,1080,C,51.07,50.40,51.65,0.79153284,1053,FROZEN_DELAYED,IBKR get_price_snapshot 25/09/2026 (24/09 close)
2026-10-02,1080,P,49.64,46.45,52.15,0.79153284,345,FROZEN_DELAYED,IBKR get_price_snapshot 25/09/2026 (24/09 close)
2026-10-02,1000,P,17.50,17.10,17.90,0.77150474,1713,FROZEN_DELAYED,IBKR get_price_snapshot 25/09/2026 (24/09 close)
2026-10-02,1020,P,23.49,22.85,24.40,0.77291486,433,FROZEN_DELAYED,IBKR get_price_snapshot 25/09/2026 (24/09 close)
2026-10-02,1140,C,28.69,28.15,29.20,0.80844506,343,FROZEN_DELAYED,IBKR get_price_snapshot 25/09/2026 (24/09 close)
2026-10-02,1160,C,22.85,22.10,23.60,0.81519231,269,FROZEN_DELAYED,IBKR get_price_snapshot 25/09/2026 (24/09 close)
2026-10-09,1080,C,59.85,59.85,61.25,0.68063448,245,FROZEN_DELAYED,IBKR get_price_snapshot 25/09/2026 (24/09 close)
2026-10-09,1080,P,59.56,57.25,62.75,0.68063448,243,FROZEN_DELAYED,IBKR get_price_snapshot 25/09/2026 (24/09 close)
2026-09-28,1095,C,12.38,,,0.38414368,445,DELAYED_LIVE_25/09 ~09:45ET,IBKR get_price_snapshot 25/09/2026 live session (spot 1094.45)
2026-09-28,1095,P,27.91,,,0.38414368,138,DELAYED_LIVE_25/09 ~09:45ET,IBKR (last is 24/09 close; IV is live model IV)
2026-10-02,1095,C,50.90,,,0.79251460,405,DELAYED_LIVE_25/09 ~09:45ET,IBKR (last traded 25/09 09:30ET)
2026-10-02,1095,P,57.17,,,0.79251460,51,DELAYED_LIVE_25/09 ~09:45ET,IBKR (last is 24/09 close; IV is live model IV)
2026-10-02,1020,P,19.15,,,0.77032222,538,DELAYED_LIVE_25/09 ~09:45ET,IBKR (last traded 25/09)
2026-10-02,1170,C,20.78,,,0.81303210,380,DELAYED_LIVE_25/09 ~09:45ET,IBKR (last is 24/09 close; IV is live model IV)
2026-10-09,1095,C,53.65,,,0.67329501,153,DELAYED_LIVE_25/09 ~09:45ET,IBKR (last is 24/09 close; IV is live model IV)
2026-10-09,1095,P,68.34,,,0.67329501,94,DELAYED_LIVE_25/09 ~09:45ET,IBKR (last is 24/09 close; IV is live model IV)
