symbol,last,change_pct,ts_utc,iv30,hv30,high_52w,low_52w,high_13w,low_13w,iv_pctl_13w,iv_pctl_26w,iv_pctl_52w,note
MU,1094.00,1.25,2026-09-25 09:47,0.6199,0.5627,1255.00,154.42,1255.00,737.88,0.2656,0.1349,0.2112,pre-market; prior close 1080.53; overnight print 1083.70 earlier; 90d avg USD volume 39.8bn; YTD +279.9%
SOXX,575.25,1.62,2026-09-25 09:18,0.3688,0.3836,655.95,259.77,644.94,464.08,0.1719,0.0873,0.3386,pre-market
DRAM,61.94,2.01,2026-09-25 09:47,0.5763,0.5675,81.32,26.14,74.77,44.41,,,,Roundhill Memory ETF; AUM USD 26.0bn
SNDK,1790.00,2.07,2026-09-25 09:46,0.7057,0.7865,2354.39,94.39,2280.80,998.19,,,,pre-market; YTD +654%
NVDA,226.10,0.68,2026-09-25 09:46,0.3070,,236.27,164.08,234.76,189.80,,,,pre-market
AMAT,483.50,1.95,2026-09-25 09:30,0.5358,,739.67,196.48,739.67,411.51,,,,pre-market
LRCX,313.20,1.97,2026-09-25 09:32,0.6357,,438.50,125.92,438.50,250.50,,,,pre-market
000660.KS,1863000,1.25,2026-09-23 11:00,,0.7639,2987000,332099,2880000,1246000,,,,KRX closed 24-26/09 Chuseok; last = 23/09 close
005930.KS,286500,3.62,2026-09-23 11:00,,0.6105,374500,81467,356500,189200,,,,KRX closed 24-26/09 Chuseok; last = 23/09 close
