date,px,ntm_eps_realised,pe_ntm_realised,ttm_eps
2017-09-26,33.33019256591797,11.95,2.789137453214893,2.02
2017-12-19,42.88653564453125,12.47,3.439176876065056,4.470000000000001
2018-03-22,57.455078125,11.36,5.05766532790493,7.290000000000001
2018-06-20,57.48433303833008,9.260000000000002,6.207811343232189,10.440000000000001
2018-09-20,44.91482162475586,6.289999999999999,7.1406711645080865,11.95
2018-12-18,33.26192855834961,3.8,8.75313909430253,12.47
2019-03-20,39.13225936889648,2.54,15.406401326337196,11.36
2019-06-25,31.86748313903809,2.31,13.795447246336835,9.260000000000002
2019-09-26,47.39165878295898,2.83,16.74616918125759,6.289999999999999
2019-12-18,51.72127914428711,3.13,16.524370333638053,3.8
2020-03-25,41.44332885742188,3.6599999999999997,11.323313895470461,2.54
2020-06-29,47.92799377441406,4.72,10.154235969155522,2.31
2020-09-29,49.449214935302734,6.06,8.15993645797075,2.83
2021-01-07,77.1430892944336,7.4399999999999995,10.368694797638925,3.13
2021-03-31,86.01685333251953,8.6,10.001959689827853,3.6599999999999997
2021-06-30,82.86715698242188,9.31,8.900876152784305,4.72
2021-09-28,71.28253173828125,8.34,8.547066155669215,6.06
2021-12-20,80.102294921875,6.140000000000001,13.045976371640878,7.4399999999999995
2022-03-29,80.20726013183594,2.09,38.37667948891672,8.6
2022-06-30,54.11233139038086,-1.93,,9.31
2022-09-29,49.04950714111328,-4.45,,8.34
2022-12-21,50.312767028808594,-5.36,,6.140000000000001
2023-03-28,58.39671325683594,-3.0300000000000002,,2.09
2023-06-28,66.20417022705078,-0.9800000000000001,,-1.93
2023-09-27,67.45613861083984,1.27,53.11506977231484,-4.45
2023-12-20,77.95014953613281,4.01,19.438940033948334,-5.36
2024-03-20,95.47271728515624,5.15,18.538391705855577,-3.0300000000000002
2024-06-26,141.34666442871094,6.4399999999999995,21.94823981812282,-0.9800000000000001
2024-09-25,95.17144775390624,8.29,11.480271140398823,1.27
2024-12-18,103.3668975830078,11.280000000000001,9.163732055231186,4.01
2025-03-20,102.60465240478516,21.919999999999998,4.680869179050418,5.15
2025-06-25,126.92662811279295,45.12,2.813090162074312,6.4399999999999995
