read_order_item,very_bullish,bullish,in_line,bearish,very_bearish,maps_to
1 FQ1 revenue guide mid,>= $58.5bn (whisper),$57.55-58.5bn,$55.85-57.55bn (cons $56.7bn +/-1.5%),$53.9-55.85bn,"< $53.9bn, or <= FQ4 actual (flat/down headline)",S1/S2 +7..+11% | S3/S4 +3/-1% | S5/S6 -1/-5% | S8a -7% | S8b/T4 -11..-13%
2 FQ1 GM guide,>= 88.5%,88.0-88.5%,87.5-88.0% (cons 87.5%),87.0-87.5%,< 87.0%,tone driver: GM >= 88% offsets a light revenue headline
3 FQ1 EPS guide,>= $37.25,$36.0-37.25,$34.5-36.0 (cons $35.25),$33.0-34.5,< $33.0,confirms 1+2
4 FQ4 actual revenue,>= $53.5bn,$52.75-53.5bn,$51.2-52.75bn,$50.2-51.2bn,< $50.2bn,print is ~85% likely to beat; only a miss is news
4 FQ4 non-GAAP EPS,>= $34.0,$33.25-34.0,$31.6-33.25,$31.0-31.6,< $31.0,"check tax (15%), shares (~1.15bn), other income (~$0.55bn)"
5 FY27 capex,<= $42bn,$42-45bn,$45-50bn (BofA $45-48bn),$50-55bn,>= $55bn (T1 capex shock),MU down / AMAT-LRCX up on T1
6 Capital return,>= $50bn authorisation + timeline,$25-50bn,"framework only, restated",no update,deferred,Very-bullish tone trigger
6 SCA update,">20 SCAs, >=50% revenue, deposits > $30bn, new-product premia","more SCAs, deposits up",16 SCAs restated,,ceilings binding / price bands questioned,
6 Pricing language,'increases continue into CQ4 and 1H27',"'prices up, moderating'",'meaningful moderation' (June wording),'stabilising','plateau / flat / declines',T2 if bearish
