g_mu_pct,positioning,EV,P_up,P_down,P_FQ1_guide_gt_cons,P_beat_and_down
12.0,0.0,-5.36,24.3,75.7,24.38,61.07
12.0,-1.5,-6.65,21.01,78.99,24.38,64.3
12.0,-3.0,-7.94,18.19,81.81,24.38,67.09
13.0,0.0,-4.66,27.53,72.47,28.89,57.9
13.0,-1.5,-5.95,23.92,76.08,28.89,61.43
13.0,-3.0,-7.24,20.8,79.2,28.89,64.51
14.0,0.0,-3.92,30.83,69.17,33.85,54.68
14.0,-1.5,-5.21,27.08,72.92,33.85,58.32
14.0,-3.0,-6.5,23.64,76.37,33.85,61.71
15.0,0.0,-3.16,34.19,65.81,39.09,51.43
15.0,-1.5,-4.45,30.33,69.67,39.09,55.14
15.0,-3.0,-5.74,26.64,73.36,39.09,58.76
16.0,0.0,-2.36,37.86,62.14,44.66,47.89
16.0,-1.5,-3.66,33.91,66.09,44.66,51.66
16.0,-3.0,-4.95,30.12,69.88,44.66,55.34
17.4,0.0,-1.24,43.12,56.88,52.58,42.88
17.4,-1.5,-2.53,39.17,60.83,52.58,46.59
17.4,-3.0,-3.83,35.17,64.83,52.58,50.44
20.0,0.0,0.78,53.05,46.95,67.13,33.65
20.0,-1.5,-0.51,49.1,50.9,67.13,37.26
20.0,-3.0,-1.8,44.8,55.2,67.13,41.3
22.0,0.0,2.21,60.36,39.64,77.16,27.17
22.0,-1.5,0.92,56.48,43.52,77.16,30.6
22.0,-3.0,-0.37,52.04,47.96,77.16,34.65
