basket,n,ko,strike,ki,cpn_roll,cpn_desk,annuity,uplift_per_1pct_uf,fee_room_at_floor,uf_room_min_cpn,p_ko1,p_ko3_mem,p_ko3_sim,life_mem,life_sim,p_loss_mem,p_loss_sim,e_loss_mem,client_ev,cpn_iv,ko_cushion_sd,ki_cushion_sd,fee_velocity,net_uf_yield,uf_check,avg_iv,avg_rho,regime,cpn_floor,ko_cap,ki_cap_rule,ki_cap_13w,hard_fail,flags,info,roll_score,eligible,rankable,cpn_uf4,cpn_uf2,cpn_uf1,p_ko_ever,rule_flags,uf,cpn
ORCL+ARM+AMAT,3,95,75,65,0.2210,0.1522,0.4360,0.0229,0.0846,0.0671,0.3226,0.5093,0.4696,5.7288,6.3126,0.2813,0.3361,0.4979,-0.0346,0.3782,0.3041,0.7373,0.0209,0.2000,False,0.5843,0.4097,mid,0.1200,91.5668,64.5195,65.1653,P(KO@1) < 55%; P(loss) > 12%,strong-day fix (AMAT); low corr (avg rho 0.41),px > LO PT (ARM/AMAT); earnings <=3d after obs #1 (AMAT),0.0437,False,True,0.1522,0.1980,0.2210,0.6815,prints before obs #1 (ARM 04/11); <30% off high (AMAT -26%); KO above 92 rule of thumb; KI above 65 rule of thumb,0.0400,0.1522
ARM+AMAT+AVGO,3,100,75,65,0.2183,0.1606,0.5192,0.0193,0.0917,0.0766,0.2374,0.4261,0.3950,6.5322,7.0074,0.3102,0.3479,0.4742,-0.0283,0.4120,0.0000,0.8128,0.0184,0.2000,False,0.5300,0.5264,mid,0.1200,92.3505,67.2012,65.1653,P(KO@1) < 55%; P(loss) > 12%,strong-day fix (AMAT),px > LO PT (ARM/AMAT); earnings <=3d after obs #1 (AMAT),-0.0337,False,True,0.1606,0.1991,0.2183,0.6222,prints before obs #1 (ARM 04/11); <30% off high (AMAT -26%/AVGO -26%); KO above 92 rule of thumb,0.0400,0.1606
ORCL+ARM+AVGO,3,100,75,65,0.2212,0.1636,0.5210,0.0192,0.0933,0.0783,0.2179,0.4054,0.3688,6.7460,7.3083,0.3281,0.3744,0.4745,-0.0314,0.4143,0.0000,0.8069,0.0178,0.2034,False,0.5339,0.4566,mid,0.1200,92.2944,67.0057,65.1653,P(KO@1) < 55%; P(loss) > 12%,low corr (avg rho 0.46),px > LO PT (ARM),-0.0775,False,True,0.1636,0.2020,0.2212,0.6050,prints before obs #1 (ARM 04/11); <30% off high (AVGO -26%); KO above 92 rule of thumb,0.0400,0.1636
BIDU+ARM+AMAT,3,100,75,65,0.2175,0.1598,0.5201,0.0192,0.0913,0.0763,0.2028,0.3907,0.3490,6.8717,7.5198,0.3298,0.3822,0.4691,-0.0302,0.4063,0.0000,0.8048,0.0175,0.2000,False,0.5353,0.3907,mid,0.1200,92.2740,66.9344,65.1653,P(KO@1) < 55%; P(loss) > 12%,strong-day fix (AMAT); low corr (avg rho 0.39),px > LO PT (ARM/AMAT); earnings <=3d after obs #1 (AMAT),-0.1207,False,True,0.1598,0.1983,0.2175,0.5978,prints before obs #1 (ARM 04/11); <30% off high (AMAT -26%); KO above 92 rule of thumb,0.0400,0.1598
ORCL+BIDU+ARM,3,100,75,65,0.2198,0.1623,0.5220,0.0192,0.0927,0.0777,0.1902,0.3766,0.3316,7.0180,7.7251,0.3428,0.4016,0.4710,-0.0329,0.4077,0.0000,0.7990,0.0171,0.2027,False,0.5392,0.3466,mid,0.1200,92.2179,66.7397,65.1653,P(KO@1) < 55%; P(loss) > 12%,low corr (avg rho 0.35),px > LO PT (ARM),-0.1216,False,True,0.1623,0.2006,0.2198,0.5853,prints before obs #1 (ARM 04/11); KO above 92 rule of thumb,0.0400,0.1623
BABA+ARM+AMAT,3,100,75,65,0.2201,0.1627,0.5229,0.0191,0.0929,0.0780,0.1874,0.3755,0.3282,7.0308,7.7679,0.3428,0.4036,0.4675,-0.0313,0.4095,0.0000,0.8016,0.0171,0.2030,False,0.5374,0.3329,mid,0.1200,92.2430,66.8268,65.1653,P(KO@1) < 55%; P(loss) > 12%,strong-day fix (AMAT); low corr (avg rho 0.33),px > LO PT (ARM/AMAT); earnings <=3d after obs #1 (AMAT),-0.1532,False,True,0.1627,0.2009,0.2201,0.5847,prints before obs #1 (ARM 04/11); <30% off high (AMAT -26%); KO above 92 rule of thumb,0.0400,0.1627
ORCL+BABA+ARM,3,100,75,65,0.2224,0.1652,0.5250,0.0190,0.0943,0.0795,0.1775,0.3629,0.3133,7.1623,7.9423,0.3551,0.4212,0.4701,-0.0342,0.4108,0.0000,0.7958,0.0168,0.2056,False,0.5413,0.3013,mid,0.1200,92.1869,66.6324,65.1653,P(KO@1) < 55%; P(loss) > 12%,low corr (avg rho 0.30),px > LO PT (ARM),-0.1513,False,True,0.1652,0.2033,0.2224,0.5728,prints before obs #1 (ARM 04/11); KO above 92 rule of thumb,0.0400,0.1652
ORCL+ADBE+ARM,3,100,75,65,0.2217,0.1642,0.5220,0.0192,0.0937,0.0787,0.1492,0.3391,0.2747,7.3807,8.3846,0.3674,0.4549,0.4663,-0.0350,0.4094,0.0000,0.7956,0.0163,0.2054,False,0.5415,0.1745,mid,0.1200,92.1845,66.6239,65.1653,P(KO@1) < 55%; P(loss) > 12%,low corr (avg rho 0.17),px > LO PT (ADBE/ARM),-0.1904,False,True,0.1642,0.2025,0.2217,0.5593,prints before obs #1 (ARM 04/11); KO above 92 rule of thumb,0.0400,0.1642
ADBE+ARM+AMAT,3,100,75,65,0.2194,0.1617,0.5200,0.0192,0.0923,0.0773,0.1167,0.3149,0.2264,7.5706,8.9414,0.3690,0.4860,0.4580,-0.0306,0.4082,0.0000,0.8013,0.0159,0.2036,False,0.5376,0.0231,mid,0.1200,92.2406,66.8183,65.1653,P(KO@1) < 55%; P(loss) > 12%,strong-day fix (AMAT); low corr (avg rho 0.02),px > LO PT (ADBE/ARM/AMAT); earnings <=3d after obs #1 (AMAT),-0.2438,False,True,0.1617,0.2002,0.2194,0.5519,prints before obs #1 (ARM 04/11); <30% off high (AMAT -26%); KO above 92 rule of thumb,0.0400,0.1617
ORCL+ARM+AMAT,3,90,75,65,0.1877,0.1003,0.3432,0.0291,0.0638,0.0435,0.4673,0.6380,0.6024,4.4809,4.9745,0.2076,0.2567,0.5117,-0.0361,0.3213,0.6247,0.7373,0.0268,0.1609,False,0.5843,0.4097,mid,0.1200,91.5668,64.5195,65.1653,P(KO@1) < 55%; P(loss) > 12%,strong-day fix (AMAT); low corr (avg rho 0.41),px > LO PT (ARM/AMAT); earnings <=3d after obs #1 (AMAT),0.2639,False,True,0.1003,0.1586,0.1877,0.7724,prints before obs #1 (ARM 04/11); <30% off high (AMAT -26%); KI above 65 rule of thumb,0.0200,0.1586
ORCL+ARM+AVGO,3,92,75,65,0.1821,0.0988,0.3600,0.0278,0.0630,0.0432,0.4441,0.6192,0.5851,4.6495,5.1273,0.2116,0.2558,0.4973,-0.0347,0.3411,0.5410,0.8069,0.0258,0.1563,False,0.5339,0.4566,mid,0.1200,92.2944,67.0057,65.1653,P(KO@1) < 55%; P(loss) > 12%,low corr (avg rho 0.46),px > LO PT (ARM),0.2721,False,True,0.0988,0.1543,0.1821,0.7621,prints before obs #1 (ARM 04/11); <30% off high (AVGO -26%),0.0200,0.1543
ARM+AMAT,2,95,75,65,0.1847,0.1062,0.3822,0.0262,0.0501,0.0462,0.4317,0.6081,0.5902,4.7496,4.9998,0.2101,0.2316,0.4958,-0.0311,0.3001,0.2887,0.6998,0.0253,0.1595,False,0.6156,0.5320,high-vol,0.1600,91.1151,63.0227,65.1653,P(KO@1) < 55%; P(loss) > 12%,strong-day fix (AMAT),px > LO PT (ARM/AMAT); earnings <=3d after obs #1 (AMAT),0.2661,False,True,0.1062,0.1586,0.1847,0.7550,prints before obs #1 (ARM 04/11); <30% off high (AMAT -26%); KO above 91 rule of thumb; KI above 63 rule of thumb,0.0200,0.1586
BABA+ARM+AMAT,3,92,75,65,0.1823,0.0993,0.3615,0.0277,0.0631,0.0434,0.4213,0.6027,0.5598,4.8087,5.4074,0.2201,0.2755,0.4916,-0.0351,0.3392,0.5375,0.8016,0.0250,0.1573,False,0.5374,0.3329,mid,0.1200,92.2430,66.8268,65.1653,P(KO@1) < 55%; P(loss) > 12%,strong-day fix (AMAT); low corr (avg rho 0.33),px > LO PT (ARM/AMAT); earnings <=3d after obs #1 (AMAT),0.2135,False,True,0.0993,0.1546,0.1823,0.7516,prints before obs #1 (ARM 04/11); <30% off high (AMAT -26%),0.0200,0.1546
ORCL+BIDU+ARM,3,92,75,65,0.1827,0.0999,0.3624,0.0276,0.0633,0.0436,0.4182,0.5997,0.5576,4.8347,5.4271,0.2219,0.2767,0.4933,-0.0358,0.3389,0.5357,0.7990,0.0248,0.1579,False,0.5392,0.3466,mid,0.1200,92.2179,66.7397,65.1653,P(KO@1) < 55%; P(loss) > 12%,low corr (avg rho 0.35),px > LO PT (ARM),0.2383,False,True,0.0999,0.1551,0.1827,0.7499,prints before obs #1 (ARM 04/11),0.0200,0.1551
ORCL+ARM,2,95,75,65,0.1879,0.1100,0.3851,0.0260,0.0514,0.0477,0.4088,0.5904,0.5672,4.9229,5.2478,0.2223,0.2514,0.4957,-0.0331,0.3024,0.2859,0.6933,0.0244,0.1636,False,0.6214,0.4203,high-vol,0.1600,91.0309,62.7478,65.1653,P(KO@1) < 55%; P(loss) > 12%,,px > LO PT (ARM),0.2611,False,True,0.1100,0.1620,0.1879,0.7428,prints before obs #1 (ARM 04/11); KO above 91 rule of thumb; KI above 63 rule of thumb,0.0200,0.1620
ORCL+BABA+ARM,3,92,75,65,0.1852,0.1030,0.3648,0.0274,0.0644,0.0447,0.4059,0.5903,0.5439,4.9281,5.5828,0.2284,0.2901,0.4926,-0.0364,0.3422,0.5336,0.7958,0.0244,0.1609,False,0.5413,0.3013,mid,0.1200,92.1869,66.6324,65.1653,P(KO@1) < 55%; P(loss) > 12%,low corr (avg rho 0.30),px > LO PT (ARM),0.2196,False,True,0.1030,0.1578,0.1852,0.7432,prints before obs #1 (ARM 04/11),0.0200,0.1578
ORCL+ADBE+ARM,3,92,75,65,0.1844,0.1018,0.3632,0.0275,0.0640,0.0443,0.3796,0.5752,0.5157,5.0610,5.8869,0.2348,0.3132,0.4888,-0.0370,0.3405,0.5334,0.7956,0.0237,0.1607,False,0.5415,0.1745,mid,0.1200,92.1845,66.6239,65.1653,P(KO@1) < 55%; P(loss) > 12%,low corr (avg rho 0.17),px > LO PT (ADBE/ARM),0.1933,False,True,0.1018,0.1569,0.1844,0.7363,prints before obs #1 (ARM 04/11),0.0200,0.1569
ARM+AMAT+AVGO,3,95,70,65,0.1795,0.1076,0.4172,0.0240,0.0654,0.0474,0.3740,0.5579,0.5270,5.2446,5.6851,0.2419,0.2795,0.4510,-0.0306,0.3388,0.3353,0.8128,0.0229,0.1567,False,0.5300,0.5264,mid,0.1200,92.3505,67.2012,65.1653,P(KO@1) < 55%; P(loss) > 12%,strong-day fix (AMAT),px > LO PT (ARM/AMAT); earnings <=3d after obs #1 (AMAT),0.1746,False,True,0.1076,0.1556,0.1795,0.7188,prints before obs #1 (ARM 04/11); <30% off high (AMAT -26%/AVGO -26%); KO above 92 rule of thumb,0.0200,0.1556
ADBE+ARM+AMAT,3,92,75,65,0.1813,0.0979,0.3600,0.0278,0.0626,0.0428,0.3646,0.5717,0.4978,5.0864,6.1047,0.2316,0.3266,0.4836,-0.0352,0.3372,0.5373,0.8013,0.0236,0.1577,False,0.5376,0.0231,mid,0.1200,92.2406,66.8183,65.1653,P(KO@1) < 55%; P(loss) > 12%,strong-day fix (AMAT); low corr (avg rho 0.02),px > LO PT (ADBE/ARM/AMAT); earnings <=3d after obs #1 (AMAT),0.1609,False,True,0.0979,0.1535,0.1813,0.7380,prints before obs #1 (ARM 04/11); <30% off high (AMAT -26%),0.0200,0.1535
BIDU+BABA+ARM,3,95,75,65,0.1777,0.1036,0.4050,0.0247,0.0640,0.0455,0.3531,0.5436,0.5021,5.3654,5.9596,0.2420,0.2915,0.4675,-0.0337,0.3609,0.3609,0.8750,0.0224,0.1553,False,0.4923,0.4030,mid,0.1200,92.8941,69.1264,65.1653,P(KO@1) < 55%; P(loss) > 12%,low corr (avg rho 0.40),px > LO PT (ARM),0.1614,False,True,0.1036,0.1530,0.1777,0.7136,prints before obs #1 (ARM 04/11); KO above 93 rule of thumb,0.0200,0.1530
BABA+ARM+AVGO,3,95,75,65,0.1783,0.1038,0.4030,0.0248,0.0641,0.0456,0.3488,0.5412,0.4956,5.3873,6.0367,0.2435,0.2978,0.4690,-0.0342,0.3661,0.3649,0.8846,0.0223,0.1560,False,0.4870,0.3564,mid,0.1200,92.9706,69.4019,65.1653,P(KO@1) < 55%; P(loss) > 12%,low corr (avg rho 0.36),px > LO PT (ARM),0.1564,False,True,0.1038,0.1535,0.1783,0.7121,prints before obs #1 (ARM 04/11); <30% off high (AVGO -26%); KO above 93 rule of thumb,0.0200,0.1535
BIDU+ARM+AMAT,3,95,70,65,0.1790,0.1073,0.4185,0.0239,0.0653,0.0473,0.3401,0.5295,0.4884,5.5090,6.1059,0.2569,0.3088,0.4460,-0.0324,0.3345,0.3320,0.8048,0.0218,0.1572,False,0.5353,0.3907,mid,0.1200,92.2740,66.9344,65.1653,P(KO@1) < 55%; P(loss) > 12%,strong-day fix (AMAT); low corr (avg rho 0.39),px > LO PT (ARM/AMAT); earnings <=3d after obs #1 (AMAT),0.0973,False,True,0.1073,0.1551,0.1790,0.7013,prints before obs #1 (ARM 04/11); <30% off high (AMAT -26%); KO above 92 rule of thumb,0.0200,0.1551
ARM+AVGO,2,100,75,65,0.1789,0.1127,0.4530,0.0221,0.0673,0.0503,0.3123,0.5121,0.4906,5.6610,5.9656,0.2414,0.2637,0.4679,-0.0285,0.3314,0.0000,0.7978,0.0212,0.1578,False,0.5399,0.5064,mid,0.1200,92.2065,66.7003,65.1653,P(KO@1) < 55%; P(loss) > 12%,,px > LO PT (ARM),0.1662,False,True,0.1127,0.1569,0.1789,0.6935,prints before obs #1 (ARM 04/11); <30% off high (AVGO -26%); KO above 92 rule of thumb,0.0200,0.1569
ADBE+ARM+AVGO,3,95,75,65,0.1773,0.1024,0.4006,0.0250,0.0635,0.0450,0.2916,0.5044,0.4295,5.7121,6.7691,0.2580,0.3491,0.4621,-0.0348,0.3639,0.3647,0.8842,0.0210,0.1563,False,0.4872,0.1065,mid,0.1200,92.9682,69.3931,65.1653,P(KO@1) < 55%; P(loss) > 12%,low corr (avg rho 0.11),px > LO PT (ADBE/ARM),0.0973,False,True,0.1024,0.1523,0.1773,0.6951,prints before obs #1 (ARM 04/11); <30% off high (AVGO -26%); KO above 93 rule of thumb,0.0200,0.1523
BIDU+ARM,2,100,75,65,0.1781,0.1121,0.4547,0.0220,0.0670,0.0500,0.2826,0.4834,0.4536,5.9215,6.3507,0.2541,0.2857,0.4622,-0.0296,0.3250,0.0000,0.7862,0.0203,0.1578,False,0.5479,0.3420,mid,0.1200,92.0917,66.3035,65.1653,P(KO@1) < 55%; P(loss) > 12%,,px > LO PT (ARM),0.1246,False,True,0.1121,0.1561,0.1781,0.6767,prints before obs #1 (ARM 04/11); KO above 92 rule of thumb,0.0200,0.1561
BIDU+ADBE+ARM,3,95,75,65,0.1767,0.1022,0.4028,0.0248,0.0634,0.0449,0.2785,0.4912,0.4140,5.8412,6.9410,0.2661,0.3623,0.4585,-0.0360,0.3588,0.3608,0.8747,0.0205,0.1561,False,0.4925,0.0846,mid,0.1200,92.8917,69.1176,65.1653,P(KO@1) < 55%; P(loss) > 12%,low corr (avg rho 0.08),px > LO PT (ADBE/ARM),0.0745,False,True,0.1022,0.1519,0.1767,0.6858,prints before obs #1 (ARM 04/11); KO above 93 rule of thumb,0.0200,0.1519
BABA+ARM,2,100,75,65,0.1819,0.1164,0.4586,0.0218,0.0690,0.0521,0.2700,0.4709,0.4373,6.0505,6.5342,0.2643,0.3010,0.4617,-0.0303,0.3300,0.0000,0.7816,0.0198,0.1620,False,0.5511,0.2820,mid,0.1200,92.0453,66.1437,65.1653,P(KO@1) < 55%; P(loss) > 12%,,px > LO PT (ARM),0.0987,False,True,0.1164,0.1601,0.1819,0.6658,prints before obs #1 (ARM 04/11); KO above 92 rule of thumb,0.0200,0.1601
BABA+ADBE+ARM,3,95,75,65,0.1799,0.1060,0.4059,0.0246,0.0649,0.0465,0.2690,0.4817,0.4014,5.9376,7.0893,0.2744,0.3767,0.4588,-0.0369,0.3637,0.3592,0.8709,0.0202,0.1597,False,0.4946,0.0618,mid,0.1200,92.8607,69.0065,65.1653,P(KO@1) < 55%; P(loss) > 12%,low corr (avg rho 0.06),px > LO PT (ADBE/ARM),0.0542,False,True,0.1060,0.1553,0.1799,0.6778,prints before obs #1 (ARM 04/11); KO above 93 rule of thumb,0.0200,0.1553
ORCL+AMAT+AVGO,3,100,75,65,0.1833,0.1244,0.5090,0.0196,0.0728,0.0575,0.2123,0.4092,0.3667,6.6765,7.3199,0.3082,0.3585,0.4382,-0.0331,0.3955,0.0000,0.9294,0.0180,0.1653,False,0.4635,0.4203,mid,0.1200,93.3101,70.6368,67.9683,P(KO@1) < 55%; P(loss) > 12%,strong-day fix (AMAT); low corr (avg rho 0.42),px > LO PT (AMAT); earnings <=3d after obs #1 (AMAT),-0.0758,False,True,0.1244,0.1637,0.1833,0.6160,<30% off high (AMAT -26%/AVGO -26%); KO above 93 rule of thumb,0.0200,0.1637
ADBE+ARM,2,100,75,65,0.1809,0.1149,0.4545,0.0220,0.0683,0.0513,0.2117,0.4279,0.3663,6.4333,7.3060,0.2816,0.3513,0.4530,-0.0306,0.3281,0.0000,0.7813,0.0187,0.1623,False,0.5514,-0.0982,mid,0.1200,92.0416,66.1311,65.1653,P(KO@1) < 55%; P(loss) > 12%,,px > LO PT (ADBE/ARM),0.0329,False,True,0.1149,0.1589,0.1809,0.6445,prints before obs #1 (ARM 04/11); KO above 92 rule of thumb,0.0200,0.1589
BIDU+ARM+AVGO,3,100,70,65,0.1762,0.1175,0.5116,0.0195,0.0693,0.0541,0.2073,0.4007,0.3580,6.7557,7.4069,0.3098,0.3589,0.4150,-0.0294,0.3633,0.0000,0.8885,0.0178,0.1584,False,0.4849,0.3980,mid,0.1200,93.0016,69.5137,65.1653,P(KO@1) < 55%; P(loss) > 12%,low corr (avg rho 0.40),px > LO PT (ARM),-0.0529,False,True,0.1175,0.1566,0.1762,0.6101,prints before obs #1 (ARM 04/11); <30% off high (AVGO -26%); KO above 93 rule of thumb,0.0200,0.1566
ORCL+BIDU+AVGO,3,100,80,70,0.1803,0.1203,0.5003,0.0200,0.0708,0.0552,0.1991,0.4023,0.3524,6.7145,7.4597,0.3169,0.3794,0.4245,-0.0337,0.4309,0.0000,0.8525,0.0179,0.1624,False,0.4184,0.3554,mid,0.1200,93.9612,73.0674,71.7381,P(KO@1) < 55%; P(loss) > 12%,low corr (avg rho 0.36),,-0.0681,False,True,0.1203,0.1603,0.1803,0.6181,<30% off high (AVGO -26%); KO above 94 rule of thumb,0.0200,0.1603
ORCL+BIDU+BABA,3,100,80,70,0.1827,0.1233,0.5046,0.0198,0.0723,0.0568,0.1978,0.3976,0.3489,6.7619,7.5046,0.3220,0.3860,0.4250,-0.0339,0.4291,0.0000,0.8376,0.0177,0.1650,False,0.4258,0.3547,mid,0.1200,93.8537,72.6604,71.7381,P(KO@1) < 55%; P(loss) > 12%,low corr (avg rho 0.35),,-0.0783,False,True,0.1233,0.1629,0.1827,0.6136,KO above 94 rule of thumb,0.0200,0.1629
ORCL+BABA+AVGO,3,100,80,70,0.1846,0.1251,0.5036,0.0199,0.0731,0.0577,0.1858,0.3879,0.3329,6.8651,7.6911,0.3303,0.4013,0.4264,-0.0352,0.4390,0.0000,0.8482,0.0175,0.1672,False,0.4205,0.3085,mid,0.1200,93.9302,72.9500,71.7381,P(KO@1) < 55%; P(loss) > 12%,low corr (avg rho 0.31),,-0.1000,False,True,0.1251,0.1648,0.1846,0.6053,<30% off high (AVGO -26%); KO above 94 rule of thumb,0.0200,0.1648
ORCL+BIDU+AMAT,3,100,75,65,0.1815,0.1226,0.5098,0.0196,0.0719,0.0566,0.1784,0.3731,0.3191,7.0205,7.8560,0.3281,0.3947,0.4343,-0.0363,0.3871,0.0000,0.9189,0.0171,0.1644,False,0.4688,0.2841,mid,0.1200,93.2335,70.3564,67.9683,P(KO@1) < 55%; P(loss) > 12%,strong-day fix (AMAT); low corr (avg rho 0.28),px > LO PT (AMAT); earnings <=3d after obs #1 (AMAT),-0.1333,False,True,0.1226,0.1619,0.1815,0.5908,<30% off high (AMAT -26%); KO above 93 rule of thumb,0.0200,0.1619
ORCL+BABA+AMAT,3,100,75,65,0.1848,0.1264,0.5130,0.0195,0.0739,0.0587,0.1617,0.3548,0.2943,7.2073,8.1513,0.3434,0.4207,0.4342,-0.0381,0.3925,0.0000,0.9147,0.0166,0.1682,False,0.4709,0.2211,mid,0.1200,93.2026,70.2433,67.9683,P(KO@1) < 55%; P(loss) > 12%,strong-day fix (AMAT); low corr (avg rho 0.22),px > LO PT (AMAT); earnings <=3d after obs #1 (AMAT),-0.1709,False,True,0.1264,0.1653,0.1848,0.5753,<30% off high (AMAT -26%); KO above 93 rule of thumb,0.0200,0.1653
ORCL+ADBE+AVGO,3,100,80,70,0.1833,0.1234,0.5002,0.0200,0.0723,0.0567,0.1592,0.3673,0.2969,7.0408,8.0942,0.3378,0.4292,0.4246,-0.0358,0.4358,0.0000,0.8478,0.0170,0.1663,False,0.4207,0.1854,mid,0.1200,93.9278,72.9407,71.7381,P(KO@1) < 55%; P(loss) > 12%,low corr (avg rho 0.19),px > LO PT (ADBE),-0.1295,False,True,0.1234,0.1633,0.1833,0.5963,<30% off high (AVGO -26%); KO above 94 rule of thumb,0.0200,0.1633
ORCL+BIDU+ADBE,3,100,80,70,0.1815,0.1217,0.5014,0.0199,0.0715,0.0559,0.1526,0.3554,0.2861,7.1494,8.2139,0.3449,0.4387,0.4226,-0.0376,0.4262,0.0000,0.8373,0.0168,0.1648,False,0.4260,0.1629,mid,0.1200,93.8512,72.6512,71.7381,P(KO@1) < 55%; P(loss) > 12%,low corr (avg rho 0.16),px > LO PT (ADBE),-0.1474,False,True,0.1217,0.1616,0.1815,0.5879,KO above 94 rule of thumb,0.0200,0.1616
ORCL+BABA+ADBE,3,100,80,70,0.1858,0.1264,0.5048,0.0198,0.0738,0.0584,0.1440,0.3446,0.2722,7.2665,8.3898,0.3569,0.4579,0.4247,-0.0391,0.4340,0.0000,0.8331,0.0165,0.1693,False,0.4281,0.1349,mid,0.1200,93.8202,72.5344,71.7381,P(KO@1) < 55%; P(loss) > 12%,low corr (avg rho 0.13),px > LO PT (ADBE),-0.1739,False,True,0.1264,0.1660,0.1858,0.5770,KO above 94 rule of thumb,0.0200,0.1660
ORCL+ADBE+AMAT,3,100,75,65,0.1840,0.1251,0.5098,0.0196,0.0732,0.0579,0.1195,0.3222,0.2341,7.4949,8.8460,0.3548,0.4666,0.4299,-0.0376,0.3905,0.0000,0.9144,0.0160,0.1680,False,0.4711,0.0380,mid,0.1200,93.2001,70.2343,67.9683,P(KO@1) < 55%; P(loss) > 12%,strong-day fix (AMAT); low corr (avg rho 0.04),px > LO PT (ADBE/AMAT); earnings <=3d after obs #1 (AMAT),-0.2170,False,True,0.1251,0.1644,0.1840,0.5594,<30% off high (AMAT -26%); KO above 93 rule of thumb,0.0200,0.1644
ARM+AMAT,2,90,75,65,0.1474,0.0480,0.3017,0.0331,0.0368,0.0273,0.5632,0.7137,0.6983,3.7397,3.9475,0.1554,0.1747,0.5096,-0.0332,0.2395,0.5929,0.6998,0.0321,0.1153,False,0.6156,0.5320,high-vol,0.1600,91.1151,63.0227,65.1653,P(loss) > 12%,strong-day fix (AMAT); below high-vol target 16%,px > LO PT (ARM/AMAT); earnings <=3d after obs #1 (AMAT),0.4227,False,True,0.0480,0.1143,0.1474,0.8254,prints before obs #1 (ARM 04/11); <30% off high (AMAT -26%); KI above 63 rule of thumb,0.0100,0.1474
ORCL+ARM,2,90,75,65,0.1512,0.0529,0.3049,0.0328,0.0379,0.0287,0.5428,0.6990,0.6799,3.8791,4.1412,0.1649,0.1901,0.5085,-0.0350,0.2434,0.5874,0.6933,0.0309,0.1203,False,0.6214,0.4203,high-vol,0.1600,91.0309,62.7478,65.1653,P(KO@1) < 55%; P(loss) > 12%,below high-vol target 16%,px > LO PT (ARM),0.4253,False,True,0.0529,0.1184,0.1512,0.8156,prints before obs #1 (ARM 04/11); KI above 63 rule of thumb,0.0100,0.1512
ORCL+ARM+AMAT,3,88,75,65,0.1683,0.0708,0.3077,0.0325,0.0555,0.0341,0.5297,0.6880,0.6559,3.9970,4.4375,0.1789,0.2239,0.5184,-0.0367,0.2881,0.7579,0.7373,0.0300,0.1383,False,0.5843,0.4097,mid,0.1200,91.5668,64.5195,65.1653,P(KO@1) < 55%; P(loss) > 12%,strong-day fix (AMAT); low corr (avg rho 0.41),px > LO PT (ARM/AMAT); earnings <=3d after obs #1 (AMAT),0.3482,False,True,0.0708,0.1358,0.1683,0.8061,prints before obs #1 (ARM 04/11); <30% off high (AMAT -26%); KI above 65 rule of thumb,0.0100,0.1683
ARM+AMAT+AVGO,3,90,75,65,0.1617,0.0681,0.3203,0.0312,0.0540,0.0330,0.5275,0.6854,0.6589,4.0141,4.3711,0.1742,0.2068,0.5039,-0.0337,0.3052,0.6887,0.8128,0.0299,0.1318,False,0.5300,0.5264,mid,0.1200,92.3505,67.2012,65.1653,P(KO@1) < 55%; P(loss) > 12%,strong-day fix (AMAT),px > LO PT (ARM/AMAT); earnings <=3d after obs #1 (AMAT),0.3884,False,True,0.0681,0.1305,0.1617,0.8058,prints before obs #1 (ARM 04/11); <30% off high (AMAT -26%/AVGO -26%),0.0100,0.1617
ORCL+ARM+AVGO,3,90,75,65,0.1653,0.0723,0.3224,0.0310,0.0552,0.0343,0.5079,0.6715,0.6401,4.1495,4.5806,0.1834,0.2244,0.5044,-0.0354,0.3097,0.6837,0.8069,0.0289,0.1364,False,0.5339,0.4566,mid,0.1200,92.2944,67.0057,65.1653,P(KO@1) < 55%; P(loss) > 12%,low corr (avg rho 0.46),px > LO PT (ARM),0.3607,False,True,0.0723,0.1343,0.1653,0.7970,prints before obs #1 (ARM 04/11); <30% off high (AVGO -26%),0.0100,0.1653
BIDU+ARM+AMAT,3,90,75,65,0.1624,0.0690,0.3214,0.0311,0.0542,0.0333,0.5023,0.6687,0.6342,4.1756,4.6415,0.1830,0.2267,0.5009,-0.0352,0.3033,0.6819,0.8048,0.0287,0.1336,False,0.5353,0.3907,mid,0.1200,92.2740,66.9344,65.1653,P(KO@1) < 55%; P(loss) > 12%,strong-day fix (AMAT); low corr (avg rho 0.39),px > LO PT (ARM/AMAT); earnings <=3d after obs #1 (AMAT),0.3282,False,True,0.0690,0.1312,0.1624,0.7957,prints before obs #1 (ARM 04/11); <30% off high (AMAT -26%),0.0100,0.1624
BABA+ARM+AMAT,3,90,75,65,0.1649,0.0722,0.3234,0.0309,0.0551,0.0342,0.4897,0.6594,0.6206,4.2628,4.7941,0.1892,0.2397,0.4992,-0.0359,0.3069,0.6791,0.8016,0.0282,0.1368,False,0.5374,0.3329,mid,0.1200,92.2430,66.8268,65.1653,P(KO@1) < 55%; P(loss) > 12%,strong-day fix (AMAT); low corr (avg rho 0.33),px > LO PT (ARM/AMAT); earnings <=3d after obs #1 (AMAT),0.3098,False,True,0.0722,0.1340,0.1649,0.7897,prints before obs #1 (ARM 04/11); <30% off high (AMAT -26%),0.0100,0.1649
ORCL+BIDU+ARM,3,90,75,65,0.1659,0.0736,0.3250,0.0308,0.0555,0.0347,0.4846,0.6546,0.6163,4.3086,4.8374,0.1921,0.2423,0.5007,-0.0366,0.3078,0.6769,0.7990,0.0279,0.1381,False,0.5392,0.3466,mid,0.1200,92.2179,66.7397,65.1653,P(KO@1) < 55%; P(loss) > 12%,low corr (avg rho 0.35),px > LO PT (ARM),0.3315,False,True,0.0736,0.1352,0.1659,0.7864,prints before obs #1 (ARM 04/11),0.0100,0.1659
ORCL+BABA+ARM,3,90,75,65,0.1684,0.0766,0.3269,0.0306,0.0564,0.0356,0.4731,0.6463,0.6042,4.3905,4.9753,0.1979,0.2542,0.4997,-0.0373,0.3111,0.6743,0.7958,0.0273,0.1411,False,0.5413,0.3013,mid,0.1200,92.1869,66.6324,65.1653,P(KO@1) < 55%; P(loss) > 12%,low corr (avg rho 0.30),px > LO PT (ARM),0.3146,False,True,0.0766,0.1378,0.1684,0.7807,prints before obs #1 (ARM 04/11),0.0100,0.1684
BIDU+ARM+AVGO,3,92,75,65,0.1532,0.0641,0.3366,0.0297,0.0518,0.0313,0.4684,0.6439,0.6068,4.4009,4.9080,0.1885,0.2325,0.4818,-0.0346,0.3160,0.5957,0.8885,0.0273,0.1260,False,0.4849,0.3980,mid,0.1200,93.0016,69.5137,65.1653,P(KO@1) < 55%; P(loss) > 12%,low corr (avg rho 0.40),px > LO PT (ARM),0.3276,False,True,0.0641,0.1235,0.1532,0.7825,prints before obs #1 (ARM 04/11); <30% off high (AVGO -26%),0.0100,0.1532
ARM,1,100,75,65,0.1499,0.0670,0.3618,0.0276,0.0369,0.0317,0.4657,0.6410,0.6410,4.4044,4.4044,0.1730,0.1730,0.4918,-0.0301,0.2079,0.0000,0.5974,0.0272,0.1226,False,0.7211,1.0000,high-vol,0.1600,89.5916,58.2262,65.1653,P(KO@1) < 55%; P(loss) > 12%,below high-vol target 16%,px > LO PT (ARM),0.3508,False,True,0.0670,0.1222,0.1499,0.7841,prints before obs #1 (ARM 04/11); KO above 90 rule of thumb; KI above 58 rule of thumb,0.0100,0.1499
BABA+ARM+AVGO,3,92,75,65,0.1565,0.0680,0.3392,0.0295,0.0530,0.0325,0.4557,0.6341,0.5929,4.4944,5.0588,0.1955,0.2452,0.4805,-0.0353,0.3213,0.5931,0.8846,0.0267,0.1298,False,0.4870,0.3564,mid,0.1200,92.9706,69.4019,65.1653,P(KO@1) < 55%; P(loss) > 12%,low corr (avg rho 0.36),px > LO PT (ARM),0.3078,False,True,0.0680,0.1270,0.1565,0.7756,prints before obs #1 (ARM 04/11); <30% off high (AVGO -26%),0.0100,0.1565
ARM+AVGO,2,95,75,65,0.1565,0.0729,0.3588,0.0279,0.0537,0.0339,0.4584,0.6354,0.6163,4.4757,4.7358,0.1856,0.2058,0.4831,-0.0313,0.2898,0.3291,0.7978,0.0268,0.1297,False,0.5399,0.5064,mid,0.1200,92.2065,66.7003,65.1653,P(KO@1) < 55%; P(loss) > 12%,,px > LO PT (ARM),0.3524,False,True,0.0729,0.1286,0.1565,0.7773,prints before obs #1 (ARM 04/11); <30% off high (AVGO -26%); KO above 92 rule of thumb,0.0100,0.1565
BIDU+BABA+ARM,3,92,75,65,0.1572,0.0695,0.3418,0.0293,0.0533,0.0330,0.4553,0.6330,0.5952,4.5084,5.0290,0.1964,0.2419,0.4787,-0.0350,0.3193,0.5867,0.8750,0.0266,0.1306,False,0.4923,0.4030,mid,0.1200,92.8941,69.1264,65.1653,P(KO@1) < 55%; P(loss) > 12%,low corr (avg rho 0.40),px > LO PT (ARM),0.3058,False,True,0.0695,0.1280,0.1572,0.7744,prints before obs #1 (ARM 04/11),0.0100,0.1572
ORCL+ADBE+ARM,3,90,75,65,0.1676,0.0755,0.3258,0.0307,0.0561,0.0353,0.4512,0.6347,0.5816,4.4944,5.2221,0.2025,0.2732,0.4963,-0.0377,0.3095,0.6740,0.7956,0.0267,0.1409,False,0.5415,0.1745,mid,0.1200,92.1845,66.6239,65.1653,P(KO@1) < 55%; P(loss) > 12%,low corr (avg rho 0.17),px > LO PT (ADBE/ARM),0.2942,False,True,0.0755,0.1369,0.1676,0.7759,prints before obs #1 (ARM 04/11),0.0100,0.1676
ADBE+ARM+AMAT,3,90,75,65,0.1640,0.0709,0.3222,0.0310,0.0548,0.0338,0.4442,0.6365,0.5728,4.4687,5.3286,0.1972,0.2792,0.4917,-0.0359,0.3051,0.6789,0.8013,0.0269,0.1372,False,0.5376,0.0231,mid,0.1200,92.2406,66.8183,65.1653,P(KO@1) < 55%; P(loss) > 12%,strong-day fix (AMAT); low corr (avg rho 0.02),px > LO PT (ADBE/ARM/AMAT); earnings <=3d after obs #1 (AMAT),0.2704,False,True,0.0709,0.1330,0.1640,0.7803,prints before obs #1 (ARM 04/11); <30% off high (AMAT -26%),0.0100,0.1640
BIDU+ARM,2,95,75,65,0.1554,0.0724,0.3613,0.0277,0.0534,0.0336,0.4281,0.6134,0.5867,4.6815,5.0438,0.1958,0.2248,0.4762,-0.0326,0.2837,0.3243,0.7862,0.0256,0.1298,False,0.5479,0.3420,mid,0.1200,92.0917,66.3035,65.1653,P(KO@1) < 55%; P(loss) > 12%,,px > LO PT (ARM),0.3142,False,True,0.0724,0.1278,0.1554,0.7645,prints before obs #1 (ARM 04/11); KO above 92 rule of thumb,0.0100,0.1554
BABA+ARM,2,95,75,65,0.1596,0.0774,0.3650,0.0274,0.0550,0.0354,0.4144,0.6022,0.5719,4.7934,5.2053,0.2039,0.2376,0.4756,-0.0332,0.2895,0.3224,0.7816,0.0250,0.1345,False,0.5511,0.2820,mid,0.1200,92.0453,66.1437,65.1653,P(KO@1) < 55%; P(loss) > 12%,,px > LO PT (ARM),0.2937,False,True,0.0774,0.1322,0.1596,0.7562,prints before obs #1 (ARM 04/11); KO above 92 rule of thumb,0.0100,0.1596
ADBE+ARM+AVGO,3,92,75,65,0.1552,0.0663,0.3375,0.0296,0.0525,0.0320,0.4085,0.6073,0.5426,4.7337,5.6144,0.2062,0.2851,0.4739,-0.0365,0.3186,0.5929,0.8842,0.0254,0.1299,False,0.4872,0.1065,mid,0.1200,92.9682,69.3931,65.1653,P(KO@1) < 55%; P(loss) > 12%,low corr (avg rho 0.11),px > LO PT (ADBE/ARM),0.2620,False,True,0.0663,0.1256,0.1552,0.7637,prints before obs #1 (ARM 04/11); <30% off high (AVGO -26%),0.0100,0.1552
BIDU+ADBE+ARM,3,92,75,65,0.1560,0.0678,0.3401,0.0294,0.0529,0.0325,0.3916,0.5937,0.5254,4.8600,5.7964,0.2131,0.2981,0.4700,-0.0370,0.3169,0.5865,0.8747,0.0247,0.1314,False,0.4925,0.0846,mid,0.1200,92.8917,69.1176,65.1653,P(KO@1) < 55%; P(loss) > 12%,low corr (avg rho 0.08),px > LO PT (ADBE/ARM),0.2394,False,True,0.0678,0.1266,0.1560,0.7557,prints before obs #1 (ARM 04/11),0.0100,0.1560
BABA+ADBE+ARM,3,92,75,65,0.1591,0.0716,0.3426,0.0292,0.0540,0.0337,0.3821,0.5860,0.5140,4.9386,5.9275,0.2197,0.3105,0.4701,-0.0378,0.3217,0.5840,0.8709,0.0243,0.1348,False,0.4946,0.0618,mid,0.1200,92.8607,69.0065,65.1653,P(KO@1) < 55%; P(loss) > 12%,low corr (avg rho 0.06),px > LO PT (ADBE/ARM),0.2223,False,True,0.0716,0.1300,0.1591,0.7495,prints before obs #1 (ARM 04/11),0.0100,0.1591
ORCL+AMAT+AVGO,3,95,75,65,0.1584,0.0826,0.3955,0.0253,0.0558,0.0371,0.3630,0.5586,0.5163,5.2121,5.8083,0.2302,0.2812,0.4511,-0.0350,0.3418,0.3834,0.9294,0.0230,0.1354,False,0.4635,0.4203,mid,0.1200,93.3101,70.6368,67.9683,P(KO@1) < 55%; P(loss) > 12%,strong-day fix (AMAT); low corr (avg rho 0.42),px > LO PT (AMAT); earnings <=3d after obs #1 (AMAT),0.1593,False,True,0.0826,0.1331,0.1584,0.7268,<30% off high (AMAT -26%/AVGO -26%); KO above 93 rule of thumb,0.0100,0.1584
ORCL+BIDU+BABA,3,95,80,70,0.1537,0.0753,0.3826,0.0261,0.0535,0.0344,0.3647,0.5649,0.5165,5.1407,5.8113,0.2322,0.2939,0.4389,-0.0361,0.3609,0.4173,0.8376,0.0233,0.1303,False,0.4258,0.3547,mid,0.1200,93.8537,72.6604,71.7381,P(KO@1) < 55%; P(loss) > 12%,low corr (avg rho 0.35),,0.1883,False,True,0.0753,0.1275,0.1537,0.7346,KO above 94 rule of thumb,0.0100,0.1537
ADBE+ARM,2,95,75,65,0.1581,0.0753,0.3621,0.0276,0.0544,0.0347,0.3618,0.5714,0.5176,5.0660,5.7821,0.2147,0.2754,0.4673,-0.0336,0.2868,0.3223,0.7813,0.0237,0.1344,False,0.5514,-0.0982,mid,0.1200,92.0416,66.1311,65.1653,P(KO@1) < 55%; P(loss) > 12%,,px > LO PT (ADBE/ARM),0.2435,False,True,0.0753,0.1305,0.1581,0.7426,prints before obs #1 (ARM 04/11); KO above 92 rule of thumb,0.0100,0.1581
ORCL+BABA+AVGO,3,95,80,70,0.1544,0.0755,0.3801,0.0263,0.0537,0.0345,0.3566,0.5600,0.5064,5.1824,5.9302,0.2349,0.3042,0.4405,-0.0368,0.3672,0.4225,0.8482,0.0232,0.1313,False,0.4205,0.3085,mid,0.1200,93.9302,72.9500,71.7381,P(KO@1) < 55%; P(loss) > 12%,low corr (avg rho 0.31),,0.1790,False,True,0.0755,0.1281,0.1544,0.7323,<30% off high (AVGO -26%); KO above 94 rule of thumb,0.0100,0.1544
ORCL+ADBE+AVGO,3,95,80,70,0.1529,0.0735,0.3777,0.0265,0.0530,0.0338,0.3340,0.5483,0.4808,5.2860,6.2102,0.2388,0.3241,0.4388,-0.0374,0.3635,0.4224,0.8478,0.0227,0.1302,False,0.4207,0.1854,mid,0.1200,93.9278,72.9407,71.7381,P(KO@1) < 55%; P(loss) > 12%,low corr (avg rho 0.19),px > LO PT (ADBE),0.1594,False,True,0.0735,0.1264,0.1529,0.7279,<30% off high (AVGO -26%); KO above 94 rule of thumb,0.0100,0.1529
ORCL+BIDU+AMAT,3,95,75,65,0.1580,0.0826,0.3980,0.0251,0.0557,0.0371,0.3272,0.5296,0.4748,5.4885,6.2670,0.2460,0.3128,0.4461,-0.0375,0.3370,0.3790,0.9189,0.0219,0.1361,False,0.4688,0.2841,mid,0.1200,93.2335,70.3564,67.9683,P(KO@1) < 55%; P(loss) > 12%,strong-day fix (AMAT); low corr (avg rho 0.28),px > LO PT (AMAT); earnings <=3d after obs #1 (AMAT),0.1096,False,True,0.0826,0.1328,0.1580,0.7084,<30% off high (AMAT -26%); KO above 93 rule of thumb,0.0100,0.1580
ORCL+BABA+AMAT,3,95,75,65,0.1614,0.0866,0.4009,0.0249,0.0572,0.0386,0.3081,0.5141,0.4517,5.6397,6.5289,0.2567,0.3350,0.4458,-0.0386,0.3427,0.3773,0.9147,0.0213,0.1401,False,0.4709,0.2211,mid,0.1200,93.2026,70.2433,67.9683,P(KO@1) < 55%; P(loss) > 12%,strong-day fix (AMAT); low corr (avg rho 0.22),px > LO PT (AMAT); earnings <=3d after obs #1 (AMAT),0.0794,False,True,0.0866,0.1365,0.1614,0.6975,<30% off high (AMAT -26%); KO above 93 rule of thumb,0.0100,0.1614
ORCL+BABA+ADBE,3,95,80,70,0.1565,0.0783,0.3833,0.0261,0.0546,0.0355,0.3090,0.5250,0.4517,5.5108,6.5382,0.2544,0.3523,0.4381,-0.0396,0.3656,0.4150,0.8331,0.0218,0.1347,False,0.4281,0.1349,mid,0.1200,93.8202,72.5344,71.7381,P(KO@1) < 55%; P(loss) > 12%,low corr (avg rho 0.13),px > LO PT (ADBE),0.1162,False,True,0.0783,0.1304,0.1565,0.7116,KO above 94 rule of thumb,0.0100,0.1565
ORCL+AVGO,2,100,80,70,0.1542,0.0858,0.4381,0.0228,0.0556,0.0382,0.3057,0.5189,0.4919,5.5646,5.9379,0.2379,0.2669,0.4281,-0.0303,0.3504,0.0000,0.8102,0.0216,0.1327,False,0.4402,0.4432,mid,0.1200,93.6458,71.8801,71.7381,P(KO@1) < 55%; P(loss) > 12%,,,0.1709,False,True,0.0858,0.1314,0.1542,0.7069,<30% off high (AVGO -26%); KO above 94 rule of thumb,0.0100,0.1542
ORCL+BIDU,2,100,80,70,0.1521,0.0840,0.4401,0.0227,0.0547,0.0373,0.2771,0.4925,0.4563,5.8053,6.3071,0.2493,0.2895,0.4231,-0.0319,0.3395,0.0000,0.7958,0.0207,0.1315,False,0.4482,0.2775,mid,0.1200,93.5310,71.4525,71.7381,P(KO@1) < 55%; P(loss) > 12%,,,0.1324,False,True,0.0840,0.1294,0.1521,0.6917,KO above 94 rule of thumb,0.0100,0.1521
ORCL+AMAT,2,100,75,65,0.1637,0.0972,0.4508,0.0222,0.0603,0.0432,0.2716,0.4795,0.4442,5.9589,6.4623,0.2582,0.2975,0.4425,-0.0330,0.3174,0.0000,0.8351,0.0201,0.1436,False,0.5158,0.2768,mid,0.1200,92.5544,67.9169,67.9683,P(KO@1) < 55%; P(loss) > 12%,strong-day fix (AMAT),px > LO PT (AMAT); earnings <=3d after obs #1 (AMAT),0.0818,False,True,0.0972,0.1415,0.1637,0.6754,<30% off high (AMAT -26%); KO above 93 rule of thumb,0.0100,0.1637
ORCL+ADBE+AMAT,3,95,75,65,0.1604,0.0851,0.3987,0.0251,0.0567,0.0381,0.2694,0.4923,0.4057,5.8265,7.0433,0.2625,0.3690,0.4418,-0.0381,0.3404,0.3772,0.9144,0.0206,0.1398,False,0.4711,0.0380,mid,0.1200,93.2001,70.2343,67.9683,P(KO@1) < 55%; P(loss) > 12%,strong-day fix (AMAT); low corr (avg rho 0.04),px > LO PT (ADBE/AMAT); earnings <=3d after obs #1 (AMAT),0.0469,False,True,0.0851,0.1353,0.1604,0.6892,<30% off high (AMAT -26%); KO above 93 rule of thumb,0.0100,0.1604
ORCL+ADBE,2,100,80,70,0.1561,0.0879,0.4399,0.0227,0.0565,0.0391,0.2649,0.4832,0.4415,5.8917,6.4691,0.2562,0.3037,0.4267,-0.0327,0.3455,0.0000,0.7897,0.0204,0.1357,False,0.4517,0.2015,mid,0.1200,93.4809,71.2667,71.7381,P(KO@1) < 55%; P(loss) > 12%,,px > LO PT (ADBE),0.1130,False,True,0.0879,0.1333,0.1561,0.6861,KO above 93 rule of thumb,0.0100,0.1561
ORCL+BABA,2,100,80,70,0.1578,0.0902,0.4441,0.0225,0.0574,0.0401,0.2623,0.4779,0.4365,5.9537,6.5314,0.2613,0.3087,0.4252,-0.0328,0.3495,0.0000,0.7902,0.0202,0.1376,False,0.4514,0.2017,mid,0.1200,93.4846,71.2803,71.7381,P(KO@1) < 55%; P(loss) > 12%,,,0.1021,False,True,0.0902,0.1353,0.1578,0.6797,KO above 93 rule of thumb,0.0100,0.1578
ORCL+BIDU+AVGO,3,100,75,70,0.1600,0.1000,0.5003,0.0200,0.0606,0.0450,0.1991,0.4023,0.3524,6.7145,7.4597,0.3169,0.3794,0.3862,-0.0329,0.3823,0.0000,0.8525,0.0179,0.1421,False,0.4184,0.3554,mid,0.1200,93.9612,73.0674,71.7381,P(KO@1) < 55%; P(loss) > 12%,low corr (avg rho 0.36),,-0.0681,False,True,0.1000,0.1400,0.1600,0.6181,<30% off high (AVGO -26%); KO above 94 rule of thumb,0.0100,0.1600
BIDU+BABA+AMAT,3,100,75,65,0.1530,0.0934,0.5032,0.0199,0.0572,0.0417,0.1997,0.4005,0.3515,6.7326,7.4749,0.2920,0.3446,0.4069,-0.0329,0.3627,0.0000,1.0209,0.0178,0.1352,False,0.4219,0.3559,mid,0.1200,93.9097,72.8724,67.9683,P(KO@1) < 55%; P(loss) > 12%,strong-day fix (AMAT); low corr (avg rho 0.36),px > LO PT (AMAT); earnings <=3d after obs #1 (AMAT),-0.0567,False,True,0.0934,0.1332,0.1530,0.6163,<30% off high (AMAT -26%); KO above 94 rule of thumb,0.0100,0.1530
BABA+AMAT+AVGO,3,100,75,65,0.1551,0.0954,0.5022,0.0199,0.0582,0.0427,0.1941,0.3968,0.3445,6.7695,7.5520,0.2948,0.3505,0.4082,-0.0329,0.3723,0.0000,1.0339,0.0177,0.1374,False,0.4166,0.3354,mid,0.1200,93.9863,73.1629,67.9683,P(KO@1) < 55%; P(loss) > 12%,strong-day fix (AMAT); low corr (avg rho 0.34),px > LO PT (AMAT); earnings <=3d after obs #1 (AMAT),-0.0648,False,True,0.0954,0.1352,0.1551,0.6137,<30% off high (AMAT -26%/AVGO -26%); KO above 94 rule of thumb,0.0100,0.1551
ORCL+BIDU+ADBE,3,100,75,70,0.1612,0.1014,0.5014,0.0199,0.0612,0.0457,0.1526,0.3554,0.2861,7.1494,8.2139,0.3449,0.4387,0.3841,-0.0365,0.3784,0.0000,0.8373,0.0168,0.1444,False,0.4260,0.1629,mid,0.1200,93.8512,72.6512,71.7381,P(KO@1) < 55%; P(loss) > 12%,low corr (avg rho 0.16),px > LO PT (ADBE),-0.1474,False,True,0.1014,0.1412,0.1612,0.5879,KO above 94 rule of thumb,0.0100,0.1612
ADBE+AMAT+AVGO,3,100,75,65,0.1541,0.0939,0.4989,0.0200,0.0576,0.0420,0.1226,0.3365,0.2409,7.2969,8.7424,0.3178,0.4269,0.3995,-0.0333,0.3697,0.0000,1.0335,0.0164,0.1376,False,0.4168,0.0293,mid,0.1200,93.9838,73.1536,67.9683,P(KO@1) < 55%; P(loss) > 12%,strong-day fix (AMAT); low corr (avg rho 0.03),px > LO PT (ADBE/AMAT); earnings <=3d after obs #1 (AMAT),-0.1503,False,True,0.0939,0.1340,0.1541,0.5834,<30% off high (AMAT -26%/AVGO -26%); KO above 94 rule of thumb,0.0100,0.1541
BIDU+ADBE+AMAT,3,100,75,65,0.1520,0.0920,0.4998,0.0200,0.0566,0.0410,0.1095,0.3168,0.2191,7.5001,9.0082,0.3324,0.4485,0.3979,-0.0373,0.3601,0.0000,1.0205,0.0160,0.1360,False,0.4221,-0.0189,mid,0.1200,93.9073,72.8632,67.9683,P(KO@1) < 55%; P(loss) > 12%,strong-day fix (AMAT); low corr (avg rho -0.02),px > LO PT (ADBE/AMAT); earnings <=3d after obs #1 (AMAT),-0.1855,False,True,0.0920,0.1320,0.1520,0.5659,<30% off high (AMAT -26%); KO above 94 rule of thumb,0.0100,0.1520
BABA+ADBE+AMAT,3,100,75,65,0.1562,0.0965,0.5030,0.0199,0.0588,0.0433,0.0986,0.3026,0.2001,7.6462,9.2478,0.3462,0.4732,0.3994,-0.0388,0.3681,0.0000,1.0154,0.0157,0.1405,False,0.4243,-0.0593,mid,0.1200,93.8763,72.7460,67.9683,P(KO@1) < 55%; P(loss) > 12%,strong-day fix (AMAT); low corr (avg rho -0.06),px > LO PT (ADBE/AMAT); earnings <=3d after obs #1 (AMAT),-0.2170,False,True,0.0965,0.1363,0.1562,0.5530,<30% off high (AMAT -26%); KO above 94 rule of thumb,0.0100,0.1562
