basket,n,ko,strike,ki,cpn_roll,cpn_desk,annuity,uplift_per_1pct_uf,fee_room_at_floor,uf_room_min_cpn,p_ko1,p_ko3_mem,p_ko3_sim,life_mem,life_sim,p_loss_mem,p_loss_sim,e_loss_mem,client_ev,cpn_iv,ko_cushion_sd,ki_cushion_sd,fee_velocity,net_uf_yield,uf_check,avg_iv,avg_rho,regime,cpn_floor,ko_cap,ki_cap_rule,ki_cap_13w,hard_fail,flags,info,roll_score,eligible,rankable,cpn_uf4,cpn_uf2,cpn_uf1,p_ko_ever,rule_flags
ORCL+BABA+ADBE,3,100,80,70,0.1858,0.1264,0.5048,0.0198,0.0738,0.0584,0.1440,0.3446,0.2722,7.2665,8.3898,0.3569,0.4579,0.4247,-0.0391,0.4340,0.0000,0.8331,0.0165,0.1693,False,0.4281,0.1349,mid,0.1200,93.8202,72.5344,71.7381,P(KO@1) < 55%; P(loss) > 12%,low corr (avg rho 0.13),px > LO PT (ADBE),-0.1739,False,True,0.1264,0.1660,0.1858,0.5770,KO above 93.8 rule of thumb
ORCL+BABA+AMAT,3,100,75,65,0.1848,0.1264,0.5130,0.0195,0.0739,0.0587,0.1617,0.3548,0.2943,7.2073,8.1513,0.3434,0.4207,0.4342,-0.0381,0.3925,0.0000,0.9147,0.0166,0.1682,False,0.4709,0.2211,mid,0.1200,93.2026,70.2433,67.9683,P(KO@1) < 55%; P(loss) > 12%,strong-day fix (AMAT); low corr (avg rho 0.22),px > LO PT (AMAT); earnings <=3d after obs #1 (AMAT),-0.1709,False,True,0.1264,0.1653,0.1848,0.5753,<30% off high (AMAT -26%); KO above 93.2 rule of thumb
ORCL+ADBE+AMAT,3,100,75,65,0.1840,0.1251,0.5098,0.0196,0.0732,0.0579,0.1195,0.3222,0.2341,7.4949,8.8460,0.3548,0.4666,0.4299,-0.0376,0.3905,0.0000,0.9144,0.0160,0.1680,False,0.4711,0.0380,mid,0.1200,93.2001,70.2343,67.9683,P(KO@1) < 55%; P(loss) > 12%,strong-day fix (AMAT); low corr (avg rho 0.04),px > LO PT (ADBE/AMAT); earnings <=3d after obs #1 (AMAT),-0.2170,False,True,0.1251,0.1644,0.1840,0.5594,<30% off high (AMAT -26%); KO above 93.2 rule of thumb
ORCL+AMAT+AVGO,3,100,75,65,0.1833,0.1244,0.5090,0.0196,0.0728,0.0575,0.2123,0.4092,0.3667,6.6765,7.3199,0.3082,0.3585,0.4382,-0.0331,0.3955,0.0000,0.9294,0.0180,0.1653,False,0.4635,0.4203,mid,0.1200,93.3101,70.6368,67.9683,P(KO@1) < 55%; P(loss) > 12%,strong-day fix (AMAT); low corr (avg rho 0.42),px > LO PT (AMAT); earnings <=3d after obs #1 (AMAT),-0.0758,False,True,0.1244,0.1637,0.1833,0.6160,<30% off high (AMAT -26%/AVGO -26%); KO above 93.3 rule of thumb
ORCL+BIDU+BABA,3,100,80,70,0.1827,0.1233,0.5046,0.0198,0.0723,0.0568,0.1978,0.3976,0.3489,6.7619,7.5046,0.3220,0.3860,0.4250,-0.0339,0.4291,0.0000,0.8376,0.0177,0.1650,False,0.4258,0.3547,mid,0.1200,93.8537,72.6604,71.7381,P(KO@1) < 55%; P(loss) > 12%,low corr (avg rho 0.35),,-0.0783,False,True,0.1233,0.1629,0.1827,0.6136,KO above 93.9 rule of thumb
ORCL+BIDU+AVGO,3,100,80,70,0.1803,0.1203,0.5003,0.0200,0.0708,0.0552,0.1991,0.4023,0.3524,6.7145,7.4597,0.3169,0.3794,0.4245,-0.0337,0.4309,0.0000,0.8525,0.0179,0.1624,False,0.4184,0.3554,mid,0.1200,93.9612,73.0674,71.7381,P(KO@1) < 55%; P(loss) > 12%,low corr (avg rho 0.36),,-0.0681,False,True,0.1203,0.1603,0.1803,0.6181,<30% off high (AVGO -26%); KO above 94.0 rule of thumb
ORCL+AMAT+AVGO,3,95,75,65,0.1584,0.0826,0.3955,0.0253,0.0558,0.0371,0.3630,0.5586,0.5163,5.2121,5.8083,0.2302,0.2812,0.4511,-0.0350,0.3418,0.3834,0.9294,0.0230,0.1354,False,0.4635,0.4203,mid,0.1200,93.3101,70.6368,67.9683,P(KO@1) < 55%; P(loss) > 12%,strong-day fix (AMAT); low corr (avg rho 0.42),px > LO PT (AMAT); earnings <=3d after obs #1 (AMAT),0.1593,False,True,0.0826,0.1331,0.1584,0.7268,<30% off high (AMAT -26%/AVGO -26%); KO above 93.3 rule of thumb
ORCL+BABA+AVGO,3,95,80,70,0.1544,0.0755,0.3801,0.0263,0.0537,0.0345,0.3566,0.5600,0.5064,5.1824,5.9302,0.2349,0.3042,0.4405,-0.0368,0.3672,0.4225,0.8482,0.0232,0.1313,False,0.4205,0.3085,mid,0.1200,93.9302,72.9500,71.7381,P(KO@1) < 55%; P(loss) > 12%,low corr (avg rho 0.31),,0.1790,False,True,0.0755,0.1281,0.1544,0.7323,<30% off high (AVGO -26%); KO above 93.9 rule of thumb
ORCL+BIDU+BABA,3,95,80,70,0.1537,0.0753,0.3826,0.0261,0.0535,0.0344,0.3647,0.5649,0.5165,5.1407,5.8113,0.2322,0.2939,0.4389,-0.0361,0.3609,0.4173,0.8376,0.0233,0.1303,False,0.4258,0.3547,mid,0.1200,93.8537,72.6604,71.7381,P(KO@1) < 55%; P(loss) > 12%,low corr (avg rho 0.35),,0.1883,False,True,0.0753,0.1275,0.1537,0.7346,KO above 93.9 rule of thumb
