ticker,expiry,strike,call_bid,call_ask,put_bid,put_ask,spot_close,note
MU,2027-09-17,1090,264.8,280.6,,,1080.53,call only; 710 put mid 61.825 (IV 59.2%)
NVDA,2027-09-17,225,38.25,38.85,29.35,29.85,224.58,170 put mid 9.45 (IV 40.4%)
AVGO,2027-09-17,350,66.10,67.35,50.30,53.25,350.36,
AMD,2027-09-17,630,149.95,154.30,122.90,129.10,629.26,
MRVL,2027-09-17,260,71.25,74.40,60.95,63.40,258.95,
AMAT,2027-09-17,470,108.00,116.15,86.00,92.35,474.25,
ARM,2027-09-17,310,88.50,92.60,78.50,83.50,306.34,
DELL,2027-09-17,540,146.00,150.05,127.50,132.50,536.02,
ORCL,2027-09-17,140,31.75,33.40,26.60,28.50,139.54,
ADBE,2027-09-17,240,44.15,50.10,34.10,38.30,238.93,
CRM,2027-09-17,240,44.85,47.50,36.50,37.95,238.22,
PANW,2027-09-17,390,91.80,97.65,73.35,77.45,389.92,
PLTR,2027-09-17,190,47.55,49.40,36.15,38.75,192.59,
DDOG,2027-09-17,260,62.00,69.50,55.60,60.80,256.92,
DIS,2027-09-17,105,12.85,14.55,9.75,10.20,105.56,
PDD,2027-09-17,80,12.50,13.90,10.80,11.45,78.20,
BABA,2027-09-17,110,20.30,22.15,15.70,16.25,110.63,
SNDK,2027-09-17,1750,524.00,537.70,441.10,454.60,1753.62,
SKHY,2027-09-17,185,48.65,50.75,38.55,42.40,186.37,
GOOGL,2027-09-17,340,55.65,56.40,38.10,39.00,342.36,
AMZN,2027-09-17,250,40.20,40.90,29.30,30.25,249.38,
